strategy,trading_date,symbol,direction,entry_price,exit_price,signal_value,return
OPENING_MOMENTUM,2026-03-02,ADBE,LONG,260.805,260.91,0.0124417701863353,0.0004025996434118273
OPENING_REVERSAL,2026-03-02,ADBE,SHORT,260.805,260.91,0.0124417701863353,-0.0004025996434118273
OPENING_MOMENTUM,2026-03-02,AMAT,LONG,369.37,372.075,0.008794210023214566,0.007323280179765579
OPENING_REVERSAL,2026-03-02,AMAT,SHORT,369.37,372.075,0.008794210023214566,-0.007323280179765579
OPENING_MOMENTUM,2026-03-02,AMGN,LONG,389.95,385.65,0.008573978041304997,-0.011027054750609055
OPENING_REVERSAL,2026-03-02,AMGN,SHORT,389.95,385.65,0.008573978041304997,0.011027054750609055
OPENING_MOMENTUM,2026-03-02,AMZN,LONG,207.03,208.26,0.012619222303741795,0.0059411679466743195
OPENING_REVERSAL,2026-03-02,AMZN,SHORT,207.03,208.26,0.012619222303741795,-0.0059411679466743195
OPENING_MOMENTUM,2026-03-02,AVGO,LONG,312.8,318.85,0.011495739623922807,0.019341432225064015
OPENING_REVERSAL,2026-03-02,AVGO,SHORT,312.8,318.85,0.011495739623922807,-0.019341432225064015
OPENING_MOMENTUM,2026-03-02,BAC,LONG,49.65,49.79,0.017626562820250102,0.0028197381671701827
OPENING_REVERSAL,2026-03-02,BAC,SHORT,49.65,49.79,0.017626562820250102,-0.0028197381671701827
VWAP_MOMENTUM,2026-03-02,BAC,LONG,49.65,49.79,0.008774648818846043,0.0028197381671701827
OPENING_MOMENTUM,2026-03-02,BLK,LONG,1052.53,1068.18,0.013490351654277255,0.0148689348522133
OPENING_REVERSAL,2026-03-02,BLK,SHORT,1052.53,1068.18,0.013490351654277255,-0.0148689348522133
OPENING_MOMENTUM,2026-03-02,BRK.B,SHORT,485.87,480.06,-0.01764069592292683,0.011957931133842359
OPENING_REVERSAL,2026-03-02,BRK.B,LONG,485.87,480.06,-0.01764069592292683,-0.011957931133842359
OPENING_MOMENTUM,2026-03-02,CAT,LONG,738.54,752.05,0.007846722799164763,0.018292848051561172
OPENING_REVERSAL,2026-03-02,CAT,SHORT,738.54,752.05,0.007846722799164763,-0.018292848051561172
VWAP_MOMENTUM,2026-03-02,CAT,LONG,738.54,752.05,0.006746082174561963,0.018292848051561172
OPENING_MOMENTUM,2026-03-02,CDNS,LONG,300.55,303.375,0.009709064032789039,0.00939943437032098
OPENING_REVERSAL,2026-03-02,CDNS,SHORT,300.55,303.375,0.009709064032789039,-0.00939943437032098
VWAP_MOMENTUM,2026-03-02,CDNS,LONG,300.55,303.375,0.00790083130794339,0.00939943437032098
VWAP_MOMENTUM,2026-03-02,CEG,SHORT,326.59,327.21,-0.005879862822130266,-0.001898404727640246
VWAP_MOMENTUM,2026-03-02,COP,LONG,118.18,118.25,0.008308441630175523,0.0005923168048738159
VWAP_MOMENTUM,2026-03-02,COST,SHORT,1008.7,1002.76,-0.0057846517033951494,0.0058887677208288025
OPENING_MOMENTUM,2026-03-02,CRM,LONG,194.265,192.95,0.009588400374181516,-0.006769104058888642
OPENING_REVERSAL,2026-03-02,CRM,SHORT,194.265,192.95,0.009588400374181516,0.006769104058888642
VWAP_MOMENTUM,2026-03-02,CVX,LONG,189.76,189.52,0.006693520029187328,-0.001264755480607005
VWAP_MOMENTUM,2026-03-02,CW,LONG,720.1,724.655,0.005710685752805533,0.0063255103457853235
OPENING_MOMENTUM,2026-03-02,DVN,SHORT,44.74,44.93,-0.013668430335096904,-0.004246759052302096
OPENING_REVERSAL,2026-03-02,DVN,LONG,44.74,44.93,-0.013668430335096904,0.004246759052302096
OPENING_MOMENTUM,2026-03-02,ELV,SHORT,310.8,294.06,-0.016549061797930475,0.0538610038610039
OPENING_REVERSAL,2026-03-02,ELV,LONG,310.8,294.06,-0.016549061797930475,-0.0538610038610039
OPENING_MOMENTUM,2026-03-02,EMR,LONG,152.22,152.07,0.017377355968453356,-0.0009854158454868367
OPENING_REVERSAL,2026-03-02,EMR,SHORT,152.22,152.07,0.017377355968453356,0.0009854158454868367
VWAP_MOMENTUM,2026-03-02,EMR,LONG,152.22,152.07,0.013578277876908462,-0.0009854158454868367
OPENING_MOMENTUM,2026-03-02,ENPH,LONG,43.96,44.73,0.06608463683763799,0.01751592356687892
OPENING_REVERSAL,2026-03-02,ENPH,SHORT,43.96,44.73,0.06608463683763799,-0.01751592356687892
VWAP_MOMENTUM,2026-03-02,ENPH,LONG,43.96,44.73,0.01475482242493742,0.01751592356687892
VWAP_MOMENTUM,2026-03-02,EOG,LONG,126.845,128.66,0.01283393472320049,0.01430880208128027
OPENING_MOMENTUM,2026-03-02,EQT,SHORT,61.26,61.61,-0.015033362810515372,-0.005713352921971948
OPENING_REVERSAL,2026-03-02,EQT,LONG,61.26,61.61,-0.015033362810515372,0.005713352921971948
OPENING_MOMENTUM,2026-03-02,FANG,SHORT,176.165,178.92,-0.03740232774165342,-0.01563874776487939
OPENING_REVERSAL,2026-03-02,FANG,LONG,176.165,178.92,-0.03740232774165342,0.01563874776487939
VWAP_MOMENTUM,2026-03-02,FANG,SHORT,176.165,178.92,-0.005497866213783564,-0.01563874776487939
VWAP_MOMENTUM,2026-03-02,GE,LONG,340.69,345.695,0.008672699048262844,0.014690774604479095
OPENING_MOMENTUM,2026-03-02,GS,LONG,858.98,861.32,0.02502356773785519,0.0027241612144637273
OPENING_REVERSAL,2026-03-02,GS,SHORT,858.98,861.32,0.02502356773785519,-0.0027241612144637273
VWAP_MOMENTUM,2026-03-02,GS,LONG,858.98,861.32,0.008339615958714353,0.0027241612144637273
OPENING_MOMENTUM,2026-03-02,HAL,SHORT,35.95,35.96,-0.02256661228928758,-0.00027816411682879405
OPENING_REVERSAL,2026-03-02,HAL,LONG,35.95,35.96,-0.02256661228928758,0.00027816411682879405
VWAP_MOMENTUM,2026-03-02,HAL,LONG,35.95,35.96,0.014715396833011374,0.00027816411682879405
OPENING_MOMENTUM,2026-03-02,HON,LONG,243.85,247.96,0.008686659772492167,0.016854623744104957
OPENING_REVERSAL,2026-03-02,HON,SHORT,243.85,247.96,0.008686659772492167,-0.016854623744104957
OPENING_MOMENTUM,2026-03-02,HUBB,LONG,516.04,517.415,0.018623977260390223,0.002664522130067404
OPENING_REVERSAL,2026-03-02,HUBB,SHORT,516.04,517.415,0.018623977260390223,-0.002664522130067404
VWAP_MOMENTUM,2026-03-02,HUBB,LONG,516.04,517.415,0.01157813767586413,0.002664522130067404
OPENING_MOMENTUM,2026-03-02,INTC,LONG,44.935,45.48,0.015824573301684186,0.012128630243685157
OPENING_REVERSAL,2026-03-02,INTC,SHORT,44.935,45.48,0.015824573301684186,-0.012128630243685157
OPENING_MOMENTUM,2026-03-02,IREN,LONG,40.28,41.375,0.030970053749679982,0.027184707050645462
OPENING_REVERSAL,2026-03-02,IREN,SHORT,40.28,41.375,0.030970053749679982,-0.027184707050645462
VWAP_MOMENTUM,2026-03-02,IREN,LONG,40.28,41.375,0.01571599746469632,0.027184707050645462
VWAP_MOMENTUM,2026-03-02,KMI,LONG,33.585,33.87,0.0056382038621380914,0.008485931219294196
OPENING_MOMENTUM,2026-03-02,LHX,LONG,374.645,378.755,0.015986440677965952,0.010970385298082252
OPENING_REVERSAL,2026-03-02,LHX,SHORT,374.645,378.755,0.015986440677965952,-0.010970385298082252
OPENING_MOMENTUM,2026-03-02,LMT,SHORT,675.9,676.79,-0.019283506725286337,-0.001316762834738805
OPENING_REVERSAL,2026-03-02,LMT,LONG,675.9,676.79,-0.019283506725286337,0.001316762834738805
VWAP_MOMENTUM,2026-03-02,LMT,SHORT,675.9,676.79,-0.00870648367011606,-0.001316762834738805
OPENING_MOMENTUM,2026-03-02,MA,LONG,515.785,521.025,0.012335623159960729,0.010159271789602187
OPENING_REVERSAL,2026-03-02,MA,SHORT,515.785,521.025,0.012335623159960729,-0.010159271789602187
VWAP_MOMENTUM,2026-03-02,MA,LONG,515.785,521.025,0.0051894988412568566,0.010159271789602187
OPENING_MOMENTUM,2026-03-02,MDT,LONG,97.71,98.08,0.008879710893133774,0.003786715791628259
OPENING_REVERSAL,2026-03-02,MDT,SHORT,97.71,98.08,0.008879710893133774,-0.003786715791628259
OPENING_MOMENTUM,2026-03-02,META,LONG,648.54,653.55,0.018579887232806014,0.007725043944860843
OPENING_REVERSAL,2026-03-02,META,SHORT,648.54,653.55,0.018579887232806014,-0.007725043944860843
VWAP_MOMENTUM,2026-03-02,META,LONG,648.54,653.55,0.005593112226898178,0.007725043944860843
OPENING_MOMENTUM,2026-03-02,MS,LONG,167.3,166.98,0.02922177791448788,-0.001912731619844732
OPENING_REVERSAL,2026-03-02,MS,SHORT,167.3,166.98,0.02922177791448788,0.001912731619844732
VWAP_MOMENTUM,2026-03-02,MS,LONG,167.3,166.98,0.014017833141058533,-0.001912731619844732
OPENING_MOMENTUM,2026-03-02,MSFT,LONG,398.075,398.49,0.013287345203701006,0.0010425171136092537
OPENING_REVERSAL,2026-03-02,MSFT,SHORT,398.075,398.49,0.013287345203701006,-0.0010425171136092537
VWAP_MOMENTUM,2026-03-02,MSFT,LONG,398.075,398.49,0.00647062748304883,0.0010425171136092537
OPENING_MOMENTUM,2026-03-02,MU,LONG,408.81,412.44,0.01815600717274357,0.008879430542305666
OPENING_REVERSAL,2026-03-02,MU,SHORT,408.81,412.44,0.01815600717274357,-0.008879430542305666
OPENING_MOMENTUM,2026-03-02,NEE,SHORT,92.155,92.69,-0.011954540581108564,-0.005805436492865246
OPENING_REVERSAL,2026-03-02,NEE,LONG,92.155,92.69,-0.011954540581108564,0.005805436492865246
OPENING_MOMENTUM,2026-03-02,NFLX,LONG,97.08,97.06,0.018677859391395657,-0.00020601565718991743
OPENING_REVERSAL,2026-03-02,NFLX,SHORT,97.08,97.06,0.018677859391395657,0.00020601565718991743
OPENING_MOMENTUM,2026-03-02,NOC,LONG,757.125,767.32,0.023141891891891975,0.01346541192009254
OPENING_REVERSAL,2026-03-02,NOC,SHORT,757.125,767.32,0.023141891891891975,-0.01346541192009254
VWAP_MOMENTUM,2026-03-02,NOC,LONG,757.125,767.32,0.006869843118560981,0.01346541192009254
OPENING_MOMENTUM,2026-03-02,NOW,LONG,109.75,109.42,0.0371385371385371,-0.0030068337129840472
OPENING_REVERSAL,2026-03-02,NOW,SHORT,109.75,109.42,0.0371385371385371,0.0030068337129840472
VWAP_MOMENTUM,2026-03-02,NOW,LONG,109.75,109.42,0.009009636918602792,-0.0030068337129840472
OPENING_MOMENTUM,2026-03-02,NVDA,LONG,179.725,182.4,0.028116240489674427,0.014883850326888437
OPENING_REVERSAL,2026-03-02,NVDA,SHORT,179.725,182.4,0.028116240489674427,-0.014883850326888437
VWAP_MOMENTUM,2026-03-02,OKE,LONG,84.07,86.115,0.007206091926705183,0.02432496728916389
OPENING_MOMENTUM,2026-03-02,ORCL,LONG,145.51,149.16,0.024934845389871008,0.02508418665383827
OPENING_REVERSAL,2026-03-02,ORCL,SHORT,145.51,149.16,0.024934845389871008,-0.02508418665383827
VWAP_MOMENTUM,2026-03-02,ORCL,LONG,145.51,149.16,0.009977857965538961,0.02508418665383827
OPENING_MOMENTUM,2026-03-02,OXY,SHORT,54.285,54.19,-0.03373086507653977,0.0017500230266187522
OPENING_REVERSAL,2026-03-02,OXY,LONG,54.285,54.19,-0.03373086507653977,-0.0017500230266187522
OPENING_MOMENTUM,2026-03-02,PANW,LONG,150.05,150.13,0.012722302838052313,0.0005331556147949446
OPENING_REVERSAL,2026-03-02,PANW,SHORT,150.05,150.13,0.012722302838052313,-0.0005331556147949446
VWAP_MOMENTUM,2026-03-02,PANW,LONG,150.05,150.13,0.00748673121546406,0.0005331556147949446
OPENING_MOMENTUM,2026-03-02,PSX,SHORT,157.78,160.1,-0.01016311166875783,-0.014704018253264062
OPENING_REVERSAL,2026-03-02,PSX,LONG,157.78,160.1,-0.01016311166875783,0.014704018253264062
OPENING_MOMENTUM,2026-03-02,PWR,LONG,563.81,572.67,0.012708020871689207,0.01571451375463373
OPENING_REVERSAL,2026-03-02,PWR,SHORT,563.81,572.67,0.012708020871689207,-0.01571451375463373
OPENING_MOMENTUM,2026-03-02,REGN,LONG,782.8,790.25,0.013333333333333197,0.009517118037813077
OPENING_REVERSAL,2026-03-02,REGN,SHORT,782.8,790.25,0.013333333333333197,-0.009517118037813077
OPENING_MOMENTUM,2026-03-02,RKLB,LONG,69.2,70.89,0.03623839472896084,0.02442196531791896
OPENING_REVERSAL,2026-03-02,RKLB,SHORT,69.2,70.89,0.03623839472896084,-0.02442196531791896
OPENING_MOMENTUM,2026-03-02,ROK,LONG,409.305,412.05,0.01960466825264362,0.006706490270091958
OPENING_REVERSAL,2026-03-02,ROK,SHORT,409.305,412.05,0.01960466825264362,-0.006706490270091958
VWAP_MOMENTUM,2026-03-02,ROK,LONG,409.305,412.05,0.017539686611471206,0.006706490270091958
OPENING_MOMENTUM,2026-03-02,SCHW,LONG,95.72,95.46,0.017864738409187453,-0.002716255745925711
OPENING_REVERSAL,2026-03-02,SCHW,SHORT,95.72,95.46,0.017864738409187453,0.002716255745925711
OPENING_MOMENTUM,2026-03-02,SLB,SHORT,50.91,51.26,-0.016041747197526157,-0.006874877234335219
OPENING_REVERSAL,2026-03-02,SLB,LONG,50.91,51.26,-0.016041747197526157,0.006874877234335219
VWAP_MOMENTUM,2026-03-02,SLB,LONG,50.91,51.26,0.011688286448381158,0.006874877234335219
VWAP_MOMENTUM,2026-03-02,SNPS,LONG,412.845,424.92,0.005146797777044521,0.029248265087381542
OPENING_MOMENTUM,2026-03-02,TDG,LONG,1319.555,1315.98,0.01157183815525209,-0.0027092466778573243
OPENING_REVERSAL,2026-03-02,TDG,SHORT,1319.555,1315.98,0.01157183815525209,0.0027092466778573243
VWAP_MOMENTUM,2026-03-02,TDG,LONG,1319.555,1315.98,0.0073506339309799,-0.0027092466778573243
OPENING_MOMENTUM,2026-03-02,TMO,SHORT,506.69,508.48,-0.0087835987323448,-0.0035327320452347433
OPENING_REVERSAL,2026-03-02,TMO,LONG,506.69,508.48,-0.0087835987323448,0.0035327320452347433
VWAP_MOMENTUM,2026-03-02,TMO,SHORT,506.69,508.48,-0.005860339953175253,-0.0035327320452347433
OPENING_MOMENTUM,2026-03-02,TSLA,LONG,396.0,403.365,0.014630146813907619,0.01859848484848481
OPENING_REVERSAL,2026-03-02,TSLA,SHORT,396.0,403.365,0.014630146813907619,-0.01859848484848481
VWAP_MOMENTUM,2026-03-02,TSLA,LONG,396.0,403.365,0.005123276338089955,0.01859848484848481
OPENING_MOMENTUM,2026-03-02,UNH,LONG,292.28,294.91,0.011962260884618603,0.008998220884083974
OPENING_REVERSAL,2026-03-02,UNH,SHORT,292.28,294.91,0.011962260884618603,-0.008998220884083974
OPENING_MOMENTUM,2026-03-02,VLO,SHORT,210.26,214.92,-0.02195553074704626,-0.022163036240844702
OPENING_REVERSAL,2026-03-02,VLO,LONG,210.26,214.92,-0.02195553074704626,0.022163036240844702
OPENING_MOMENTUM,2026-03-02,VRT,LONG,252.41,257.67,0.009640000000000093,0.02083911097024682
OPENING_REVERSAL,2026-03-02,VRT,SHORT,252.41,257.67,0.009640000000000093,-0.02083911097024682
VWAP_MOMENTUM,2026-03-02,VRT,LONG,252.41,257.67,0.011111655682466193,0.02083911097024682
OPENING_MOMENTUM,2026-03-02,VRTX,SHORT,490.88,486.03,-0.009363900548918336,0.009880215123859282
OPENING_REVERSAL,2026-03-02,VRTX,LONG,490.88,486.03,-0.009363900548918336,-0.009880215123859282
VWAP_MOMENTUM,2026-03-02,VRTX,SHORT,490.88,486.03,-0.005894172141585163,0.009880215123859282
OPENING_MOMENTUM,2026-03-02,VST,LONG,172.57,165.98,0.01324017262131938,-0.03818740221359451
OPENING_REVERSAL,2026-03-02,VST,SHORT,172.57,165.98,0.01324017262131938,0.03818740221359451
VWAP_MOMENTUM,2026-03-02,VST,SHORT,172.57,165.98,-0.007605232897340608,0.03818740221359451
VWAP_MOMENTUM,2026-03-02,WMB,LONG,75.88,76.25,0.006299200668088201,0.0048761201897733475
OPENING_MOMENTUM,2026-03-02,XOM,SHORT,155.47,154.19,-0.022385713387411244,0.008233099633369823
OPENING_REVERSAL,2026-03-02,XOM,LONG,155.47,154.19,-0.022385713387411244,-0.008233099633369823
VWAP_MOMENTUM,2026-03-03,ABBV,SHORT,231.3,233.8,-0.007570854028980056,-0.01080847384349326
OPENING_MOMENTUM,2026-03-03,ADBE,LONG,263.015,270.99,0.00946075609288033,0.03032146455525364
OPENING_REVERSAL,2026-03-03,ADBE,SHORT,263.015,270.99,0.00946075609288033,-0.03032146455525364
VWAP_MOMENTUM,2026-03-03,ADBE,SHORT,263.015,270.99,-0.005443155445358894,-0.03032146455525364
GAP_FOLLOW,2026-03-03,ADI,SHORT,340.16,339.01,-0.034239963659076667,0.0033807619943556633
GAP_FADE,2026-03-03,ADI,LONG,340.16,339.01,-0.034239963659076667,-0.0033807619943556633
OPENING_MOMENTUM,2026-03-03,AEP,SHORT,130.41,131.89,-0.012045454545454581,-0.01134882294302586
OPENING_REVERSAL,2026-03-03,AEP,LONG,130.41,131.89,-0.012045454545454581,0.01134882294302586
GAP_FOLLOW,2026-03-03,AMAT,SHORT,351.315,351.33,-0.055795202580124936,-4.2696725161217586e-05
GAP_FADE,2026-03-03,AMAT,LONG,351.315,351.33,-0.055795202580124936,4.2696725161217586e-05
GAP_FOLLOW,2026-03-03,AMD,SHORT,191.51,191.01,-0.035554212620234726,0.0026108297216855814
GAP_FADE,2026-03-03,AMD,LONG,191.51,191.01,-0.035554212620234726,-0.0026108297216855814
VWAP_MOMENTUM,2026-03-03,AMD,SHORT,190.285,191.01,-0.006847203124605183,-0.0038100743621409805
GAP_FOLLOW,2026-03-03,AMGN,SHORT,378.45,377.0,-0.018669778296382722,0.003831417624520994
GAP_FADE,2026-03-03,AMGN,LONG,378.45,377.0,-0.018669778296382722,-0.003831417624520994
VWAP_MOMENTUM,2026-03-03,AMGN,SHORT,376.195,377.0,-0.00605895052088945,-0.0021398476853760062
GAP_FOLLOW,2026-03-03,AMZN,SHORT,203.17,208.63,-0.02444060309228846,-0.026874046365112925
GAP_FADE,2026-03-03,AMZN,LONG,203.17,208.63,-0.02444060309228846,0.026874046365112925
GAP_FOLLOW,2026-03-03,AVGO,SHORT,312.45,313.85,-0.02007213423239773,-0.0044807169147065284
GAP_FADE,2026-03-03,AVGO,LONG,312.45,313.85,-0.02007213423239773,0.0044807169147065284
OPENING_MOMENTUM,2026-03-03,BA,SHORT,222.745,224.01,-0.013311184939091891,-0.005679139823564938
OPENING_REVERSAL,2026-03-03,BA,LONG,222.745,224.01,-0.013311184939091891,0.005679139823564938
GAP_FOLLOW,2026-03-03,BA,SHORT,225.75,224.01,-0.01655412764103681,0.007707641196013304
GAP_FADE,2026-03-03,BA,LONG,225.75,224.01,-0.01655412764103681,-0.007707641196013304
GAP_FOLLOW,2026-03-03,BAC,SHORT,48.79,49.98,-0.020084354288009587,-0.024390243902439046
GAP_FADE,2026-03-03,BAC,LONG,48.79,49.98,-0.020084354288009587,0.024390243902439046
OPENING_MOMENTUM,2026-03-03,BKNG,LONG,4151.69,4149.68,0.012604847305250244,-0.00048414019351139537
OPENING_REVERSAL,2026-03-03,BKNG,SHORT,4151.69,4149.68,0.012604847305250244,0.00048414019351139537
GAP_FOLLOW,2026-03-03,BKNG,SHORT,4100.01,4149.68,-0.01840133880154271,-0.012114604598525425
GAP_FADE,2026-03-03,BKNG,LONG,4100.01,4149.68,-0.01840133880154271,0.012114604598525425
GAP_FOLLOW,2026-03-03,BLK,SHORT,1033.0,1052.64,-0.03293452414387099,-0.01901258470474354
GAP_FADE,2026-03-03,BLK,LONG,1033.0,1052.64,-0.03293452414387099,0.01901258470474354
OPENING_MOMENTUM,2026-03-03,CARR,SHORT,60.87,61.14,-0.010163427920969137,-0.004435682602267121
OPENING_REVERSAL,2026-03-03,CARR,LONG,60.87,61.14,-0.010163427920969137,0.004435682602267121
GAP_FOLLOW,2026-03-03,CARR,SHORT,61.495,61.14,-0.03673245614035092,0.005772827059110419
GAP_FADE,2026-03-03,CARR,LONG,61.495,61.14,-0.03673245614035092,-0.005772827059110419
VWAP_MOMENTUM,2026-03-03,CARR,SHORT,60.87,61.14,-0.007553620826384222,-0.004435682602267121
OPENING_MOMENTUM,2026-03-03,CAT,SHORT,716.25,722.35,-0.016882849495573393,-0.008516579406631752
OPENING_REVERSAL,2026-03-03,CAT,LONG,716.25,722.35,-0.016882849495573393,0.008516579406631752
GAP_FOLLOW,2026-03-03,CAT,SHORT,728.55,722.35,-0.031247922345588708,0.008510054217280794
GAP_FADE,2026-03-03,CAT,LONG,728.55,722.35,-0.031247922345588708,-0.008510054217280794
VWAP_MOMENTUM,2026-03-03,CAT,SHORT,716.25,722.35,-0.005923289292005807,-0.008516579406631752
GAP_FOLLOW,2026-03-03,CDNS,SHORT,298.18,300.6,-0.0171240214256283,-0.008115903145750947
GAP_FADE,2026-03-03,CDNS,LONG,298.18,300.6,-0.0171240214256283,0.008115903145750947
GAP_FOLLOW,2026-03-03,CEG,SHORT,315.685,324.96,-0.03522202866660551,-0.029380553399749765
GAP_FADE,2026-03-03,CEG,LONG,315.685,324.96,-0.03522202866660551,0.029380553399749765
VWAP_MOMENTUM,2026-03-03,CEG,LONG,315.73,324.96,0.010838605217125652,0.029233839039685794
OPENING_MOMENTUM,2026-03-03,CI,SHORT,276.96,283.85,-0.019610619469026647,-0.024877238590410355
OPENING_REVERSAL,2026-03-03,CI,LONG,276.96,283.85,-0.019610619469026647,0.024877238590410355
GAP_FOLLOW,2026-03-03,CI,SHORT,282.5,283.85,-0.028308052144601636,-0.004778761061946968
GAP_FADE,2026-03-03,CI,LONG,282.5,283.85,-0.028308052144601636,0.004778761061946968
VWAP_MOMENTUM,2026-03-03,CI,SHORT,276.96,283.85,-0.012233102493892534,-0.024877238590410355
OPENING_MOMENTUM,2026-03-03,COP,SHORT,117.99,118.455,-0.02180401260155873,-0.003941011950165274
OPENING_REVERSAL,2026-03-03,COP,LONG,117.99,118.455,-0.02180401260155873,0.003941011950165274
GAP_FOLLOW,2026-03-03,COP,LONG,120.62,118.455,0.02004228329809732,-0.017948930525617746
GAP_FADE,2026-03-03,COP,SHORT,120.62,118.455,0.02004228329809732,0.017948930525617746
VWAP_MOMENTUM,2026-03-03,COP,SHORT,117.99,118.455,-0.011498673384012892,-0.003941011950165274
GAP_FOLLOW,2026-03-03,CRM,SHORT,190.47,196.05,-0.012853070743715889,-0.029295952118443935
GAP_FADE,2026-03-03,CRM,LONG,190.47,196.05,-0.012853070743715889,0.029295952118443935
GAP_FOLLOW,2026-03-03,CSCO,SHORT,78.42,78.95,-0.012466943709860123,-0.0067584799795969985
GAP_FADE,2026-03-03,CSCO,LONG,78.42,78.95,-0.012466943709860123,0.0067584799795969985
OPENING_MOMENTUM,2026-03-03,CVX,SHORT,188.31,188.76,-0.011911008500367304,-0.002389676597100543
OPENING_REVERSAL,2026-03-03,CVX,LONG,188.31,188.76,-0.011911008500367304,0.002389676597100543
OPENING_MOMENTUM,2026-03-03,CW,SHORT,694.58,702.275,-0.021594286599709744,-0.01107863744996962
OPENING_REVERSAL,2026-03-03,CW,LONG,694.58,702.275,-0.021594286599709744,0.01107863744996962
GAP_FOLLOW,2026-03-03,CW,SHORT,709.91,702.275,-0.02034761369203275,0.010754884421968924
GAP_FADE,2026-03-03,CW,LONG,709.91,702.275,-0.02034761369203275,-0.010754884421968924
VWAP_MOMENTUM,2026-03-03,CW,LONG,694.58,702.275,0.005740399590610679,0.01107863744996962
OPENING_MOMENTUM,2026-03-03,D,SHORT,61.025,62.67,-0.017627173213135894,-0.026956165505940266
OPENING_REVERSAL,2026-03-03,D,LONG,61.025,62.67,-0.017627173213135894,0.026956165505940266
GAP_FOLLOW,2026-03-03,D,SHORT,62.12,62.67,-0.014515745220909038,-0.008853831294269199
GAP_FADE,2026-03-03,D,LONG,62.12,62.67,-0.014515745220909038,0.008853831294269199
VWAP_MOMENTUM,2026-03-03,D,SHORT,61.025,62.67,-0.007761664491247822,-0.026956165505940266
OPENING_MOMENTUM,2026-03-03,DE,SHORT,614.395,619.305,-0.011010326205059373,-0.007991601494152789
OPENING_REVERSAL,2026-03-03,DE,LONG,614.395,619.305,-0.011010326205059373,0.007991601494152789
GAP_FOLLOW,2026-03-03,DE,SHORT,621.235,619.305,-0.01547543581616484,0.003106714850258041
GAP_FADE,2026-03-03,DE,LONG,621.235,619.305,-0.01547543581616484,-0.003106714850258041
VWAP_MOMENTUM,2026-03-03,DE,SHORT,614.395,619.305,-0.006288515692200902,-0.007991601494152789
GAP_FOLLOW,2026-03-03,DHR,SHORT,202.95,203.95,-0.014566642388929352,-0.00492732200049284
GAP_FADE,2026-03-03,DHR,LONG,202.95,203.95,-0.014566642388929352,0.00492732200049284
GAP_FOLLOW,2026-03-03,DIS,SHORT,102.87,103.29,-0.01380500431406384,-0.00408282298046081
GAP_FADE,2026-03-03,DIS,LONG,102.87,103.29,-0.01380500431406384,0.00408282298046081
OPENING_MOMENTUM,2026-03-03,DUK,SHORT,129.02,131.41,-0.01398547955674423,-0.01852425980468131
OPENING_REVERSAL,2026-03-03,DUK,LONG,129.02,131.41,-0.01398547955674423,0.01852425980468131
OPENING_MOMENTUM,2026-03-03,DVN,SHORT,44.405,44.0,-0.018674033149171265,0.009120594527643355
OPENING_REVERSAL,2026-03-03,DVN,LONG,44.405,44.0,-0.018674033149171265,-0.009120594527643355
GAP_FOLLOW,2026-03-03,ELV,SHORT,288.95,283.71,-0.017377405971570448,0.01813462536771071
GAP_FADE,2026-03-03,ELV,LONG,288.95,283.71,-0.017377405971570448,-0.01813462536771071
VWAP_MOMENTUM,2026-03-03,ELV,SHORT,289.67,283.71,-0.006389424178526726,0.02057513722511839
OPENING_MOMENTUM,2026-03-03,EMR,SHORT,146.51,146.5,-0.008828603321719752,6.82547266397382e-05
OPENING_REVERSAL,2026-03-03,EMR,LONG,146.51,146.5,-0.008828603321719752,-6.82547266397382e-05
GAP_FOLLOW,2026-03-03,EMR,SHORT,147.815,146.5,-0.027980535279805374,0.008896255454453161
GAP_FADE,2026-03-03,EMR,LONG,147.815,146.5,-0.027980535279805374,-0.008896255454453161
GAP_FOLLOW,2026-03-03,ENPH,SHORT,42.715,43.21,-0.045048066174826595,-0.011588434976003592
GAP_FADE,2026-03-03,ENPH,LONG,42.715,43.21,-0.045048066174826595,0.011588434976003592
OPENING_MOMENTUM,2026-03-03,EOG,SHORT,128.15,128.01,-0.01369968444547065,0.0010924697619977275
OPENING_REVERSAL,2026-03-03,EOG,LONG,128.15,128.01,-0.01369968444547065,-0.0010924697619977275
VWAP_MOMENTUM,2026-03-03,EOG,SHORT,128.15,128.01,-0.00819389905517831,0.0010924697619977275
OPENING_MOMENTUM,2026-03-03,EQT,SHORT,60.89,61.625,-0.019168814432989678,-0.012070947610445026
OPENING_REVERSAL,2026-03-03,EQT,LONG,60.89,61.625,-0.019168814432989678,0.012070947610445026
VWAP_MOMENTUM,2026-03-03,EQT,SHORT,60.89,61.625,-0.013847199951673383,-0.012070947610445026
OPENING_MOMENTUM,2026-03-03,ETN,SHORT,356.255,355.4,-0.026173359210562297,0.0023999663162622697
OPENING_REVERSAL,2026-03-03,ETN,LONG,356.255,355.4,-0.026173359210562297,-0.0023999663162622697
GAP_FOLLOW,2026-03-03,ETN,SHORT,365.83,355.4,-0.030631442274570042,0.028510510346335782
GAP_FADE,2026-03-03,ETN,LONG,365.83,355.4,-0.030631442274570042,-0.028510510346335782
VWAP_MOMENTUM,2026-03-03,ETN,SHORT,356.255,355.4,-0.009983318537798769,0.0023999663162622697
OPENING_MOMENTUM,2026-03-03,EXC,SHORT,48.09,48.96,-0.02176566314076467,-0.01809107922645037
OPENING_REVERSAL,2026-03-03,EXC,LONG,48.09,48.96,-0.02176566314076467,0.01809107922645037
VWAP_MOMENTUM,2026-03-03,EXC,SHORT,48.09,48.96,-0.005160121825452224,-0.01809107922645037
OPENING_MOMENTUM,2026-03-03,FANG,SHORT,177.41,177.47,-0.01564667369472339,-0.0003381996505269491
OPENING_REVERSAL,2026-03-03,FANG,LONG,177.41,177.47,-0.01564667369472339,0.0003381996505269491
VWAP_MOMENTUM,2026-03-03,FANG,SHORT,177.41,177.47,-0.008657229438524094,-0.0003381996505269491
OPENING_MOMENTUM,2026-03-03,GD,SHORT,359.87,364.69,-0.008977501170379765,-0.013393725511990473
OPENING_REVERSAL,2026-03-03,GD,LONG,359.87,364.69,-0.008977501170379765,0.013393725511990473
OPENING_MOMENTUM,2026-03-03,GE,SHORT,334.69,334.19,-0.015588693785111407,0.001493919746631156
OPENING_REVERSAL,2026-03-03,GE,LONG,334.69,334.19,-0.015588693785111407,-0.001493919746631156
GAP_FOLLOW,2026-03-03,GE,SHORT,339.99,334.19,-0.016502986736863345,0.017059325274272785
GAP_FADE,2026-03-03,GE,LONG,339.99,334.19,-0.016502986736863345,-0.017059325274272785
VWAP_MOMENTUM,2026-03-03,GE,SHORT,334.69,334.19,-0.005097020640229655,0.001493919746631156
GAP_FOLLOW,2026-03-03,GOOG,SHORT,298.21,303.49,-0.026189465434477532,-0.017705643673921134
GAP_FADE,2026-03-03,GOOG,LONG,298.21,303.49,-0.026189465434477532,0.017705643673921134
GAP_FOLLOW,2026-03-03,GOOGL,SHORT,298.4,303.62,-0.025600835945663647,-0.017493297587131362
GAP_FADE,2026-03-03,GOOGL,LONG,298.4,303.62,-0.025600835945663647,0.017493297587131362
GAP_FOLLOW,2026-03-03,GS,SHORT,830.095,862.31,-0.03625249616867132,-0.03880881103970024
GAP_FADE,2026-03-03,GS,LONG,830.095,862.31,-0.03625249616867132,0.03880881103970024
OPENING_MOMENTUM,2026-03-03,HAL,SHORT,34.965,35.25,-0.01893939393939381,-0.00815100815100811
OPENING_REVERSAL,2026-03-03,HAL,LONG,34.965,35.25,-0.01893939393939381,0.00815100815100811
VWAP_MOMENTUM,2026-03-03,HAL,SHORT,34.965,35.25,-0.013130283832311518,-0.00815100815100811
GAP_FOLLOW,2026-03-03,HD,SHORT,363.825,366.955,-0.018413597733710985,-0.008603037174465644
GAP_FADE,2026-03-03,HD,LONG,363.825,366.955,-0.018413597733710985,0.008603037174465644
GAP_FOLLOW,2026-03-03,HON,SHORT,244.215,243.855,-0.015103242458461064,0.0014741109268473496
GAP_FADE,2026-03-03,HON,LONG,244.215,243.855,-0.015103242458461064,-0.0014741109268473496
VWAP_MOMENTUM,2026-03-03,HON,SHORT,242.56,243.855,-0.007399124886829034,-0.005338885224274392
OPENING_MOMENTUM,2026-03-03,HUBB,SHORT,494.51,488.09,-0.010514942022750717,0.012982548381225922
OPENING_REVERSAL,2026-03-03,HUBB,LONG,494.51,488.09,-0.010514942022750717,-0.012982548381225922
GAP_FOLLOW,2026-03-03,HUBB,SHORT,499.765,488.09,-0.034111883111235586,0.023360979660440484
GAP_FADE,2026-03-03,HUBB,LONG,499.765,488.09,-0.034111883111235586,-0.023360979660440484
OPENING_MOMENTUM,2026-03-03,HWM,SHORT,255.38,258.81,-0.015952527743526512,-0.013430965619860569
OPENING_REVERSAL,2026-03-03,HWM,LONG,255.38,258.81,-0.015952527743526512,0.013430965619860569
GAP_FOLLOW,2026-03-03,HWM,SHORT,259.52,258.81,-0.021307086020288968,0.0027358199753390045
GAP_FADE,2026-03-03,HWM,LONG,259.52,258.81,-0.021307086020288968,-0.0027358199753390045
VWAP_MOMENTUM,2026-03-03,HWM,SHORT,255.38,258.81,-0.006709672178382364,-0.013430965619860569
GAP_FOLLOW,2026-03-03,IBM,SHORT,236.34,245.38,-0.012039127163280594,-0.038249978844038246
GAP_FADE,2026-03-03,IBM,LONG,236.34,245.38,-0.012039127163280594,0.038249978844038246
OPENING_MOMENTUM,2026-03-03,INTC,SHORT,42.765,43.12,-0.013722324723247192,-0.008301180872208436
OPENING_REVERSAL,2026-03-03,INTC,LONG,42.765,43.12,-0.013722324723247192,0.008301180872208436
GAP_FOLLOW,2026-03-03,INTC,SHORT,43.36,43.12,-0.046613896218117845,0.005535055350553542
GAP_FADE,2026-03-03,INTC,LONG,43.36,43.12,-0.046613896218117845,-0.005535055350553542
OPENING_MOMENTUM,2026-03-03,IREN,SHORT,39.13,38.855,-0.013363590519414825,0.007027855865065269
OPENING_REVERSAL,2026-03-03,IREN,LONG,39.13,38.855,-0.013363590519414825,-0.007027855865065269
GAP_FOLLOW,2026-03-03,IREN,SHORT,39.66,38.855,-0.04145015105740191,0.02029752899646997
GAP_FADE,2026-03-03,IREN,LONG,39.66,38.855,-0.04145015105740191,-0.02029752899646997
VWAP_MOMENTUM,2026-03-03,IREN,SHORT,39.13,38.855,-0.009951548931047438,0.007027855865065269
GAP_FOLLOW,2026-03-03,ISRG,SHORT,488.99,497.125,-0.014629722921914334,-0.01663633203132986
GAP_FADE,2026-03-03,ISRG,LONG,488.99,497.125,-0.014629722921914334,0.01663633203132986
OPENING_MOMENTUM,2026-03-03,JCI,SHORT,139.08,139.54,-0.01717193131227457,-0.0033074489502442628
OPENING_REVERSAL,2026-03-03,JCI,LONG,139.08,139.54,-0.01717193131227457,0.0033074489502442628
GAP_FOLLOW,2026-03-03,JCI,SHORT,141.51,139.54,-0.027623170480313375,0.013921277648222707
GAP_FADE,2026-03-03,JCI,LONG,141.51,139.54,-0.027623170480313375,-0.013921277648222707
VWAP_MOMENTUM,2026-03-03,JCI,SHORT,139.08,139.54,-0.005364768498991035,-0.0033074489502442628
GAP_FOLLOW,2026-03-03,JPM,SHORT,290.87,300.22,-0.022318577526805772,-0.03214494447691418
GAP_FADE,2026-03-03,JPM,LONG,290.87,300.22,-0.022318577526805772,0.03214494447691418
VWAP_MOMENTUM,2026-03-03,JPM,LONG,292.58,300.22,0.005116654368311879,0.026112516234876093
OPENING_MOMENTUM,2026-03-03,KMI,SHORT,33.605,33.945,-0.012488980311490039,-0.010117542032435756
OPENING_REVERSAL,2026-03-03,KMI,LONG,33.605,33.945,-0.012488980311490039,0.010117542032435756
OPENING_MOMENTUM,2026-03-03,KO,SHORT,79.21,79.36,-0.007952908760723965,-0.001893700290367395
OPENING_REVERSAL,2026-03-03,KO,LONG,79.21,79.36,-0.007952908760723965,0.001893700290367395
OPENING_MOMENTUM,2026-03-03,LHX,SHORT,370.09,367.99,-0.010719059075113724,0.005674295441649213
OPENING_REVERSAL,2026-03-03,LHX,LONG,370.09,367.99,-0.010719059075113724,-0.005674295441649213
GAP_FOLLOW,2026-03-03,LHX,SHORT,374.1,367.99,-0.012290266795157767,0.016332531408714268
GAP_FADE,2026-03-03,LHX,LONG,374.1,367.99,-0.012290266795157767,-0.016332531408714268
VWAP_MOMENTUM,2026-03-03,LHX,SHORT,370.09,367.99,-0.007872994615182982,0.005674295441649213
OPENING_MOMENTUM,2026-03-03,LIN,SHORT,495.15,501.64,-0.010630007792674978,-0.013107139250732036
OPENING_REVERSAL,2026-03-03,LIN,LONG,495.15,501.64,-0.010630007792674978,0.013107139250732036
GAP_FOLLOW,2026-03-03,LIN,SHORT,500.47,501.64,-0.0174918528407082,-0.0023378024656821594
GAP_FADE,2026-03-03,LIN,LONG,500.47,501.64,-0.0174918528407082,0.0023378024656821594
OPENING_MOMENTUM,2026-03-03,LLY,SHORT,998.59,1007.09,-0.014093684745745905,-0.008512001922710954
OPENING_REVERSAL,2026-03-03,LLY,LONG,998.59,1007.09,-0.014093684745745905,0.008512001922710954
VWAP_MOMENTUM,2026-03-03,LLY,SHORT,998.59,1007.09,-0.010268332373840283,-0.008512001922710954
OPENING_MOMENTUM,2026-03-03,LMT,SHORT,664.4,667.76,-0.026120606256046508,-0.005057194461167924
OPENING_REVERSAL,2026-03-03,LMT,LONG,664.4,667.76,-0.026120606256046508,0.005057194461167924
VWAP_MOMENTUM,2026-03-03,LMT,SHORT,664.4,667.76,-0.015217493938251003,-0.005057194461167924
GAP_FOLLOW,2026-03-03,LOW,SHORT,251.81,257.77,-0.02068992338505815,-0.023668639053254337
GAP_FADE,2026-03-03,LOW,LONG,251.81,257.77,-0.02068992338505815,0.023668639053254337
OPENING_MOMENTUM,2026-03-03,LRCX,SHORT,219.3,217.32,-0.019625374402074236,0.009028727770177936
OPENING_REVERSAL,2026-03-03,LRCX,LONG,219.3,217.32,-0.019625374402074236,-0.009028727770177936
GAP_FOLLOW,2026-03-03,LRCX,SHORT,223.69,217.32,-0.031141718641718663,0.028476910009388012
GAP_FADE,2026-03-03,LRCX,LONG,223.69,217.32,-0.031141718641718663,-0.028476910009388012
VWAP_MOMENTUM,2026-03-03,LRCX,SHORT,219.3,217.32,-0.009415260967585382,0.009028727770177936
OPENING_MOMENTUM,2026-03-03,MA,LONG,518.335,524.17,0.008728228082125256,0.011257198529908141
OPENING_REVERSAL,2026-03-03,MA,SHORT,518.335,524.17,0.008728228082125256,-0.011257198529908141
GAP_FOLLOW,2026-03-03,MA,SHORT,513.85,524.17,-0.013770932296914618,-0.020083682008368076
GAP_FADE,2026-03-03,MA,LONG,513.85,524.17,-0.013770932296914618,0.020083682008368076
GAP_FOLLOW,2026-03-03,MCD,SHORT,329.84,331.955,-0.014755959137343955,-0.0064121998544748315
GAP_FADE,2026-03-03,MCD,LONG,329.84,331.955,-0.014755959137343955,0.0064121998544748315
GAP_FOLLOW,2026-03-03,META,SHORT,645.665,655.04,-0.012064876444036421,-0.014519913577474286
GAP_FADE,2026-03-03,META,LONG,645.665,655.04,-0.012064876444036421,0.014519913577474286
VWAP_MOMENTUM,2026-03-03,META,SHORT,645.625,655.04,-0.007015661123110362,-0.014582768635043486
OPENING_MOMENTUM,2026-03-03,MPC,SHORT,207.75,211.99,-0.0302252304819699,-0.020409145607701573
OPENING_REVERSAL,2026-03-03,MPC,LONG,207.75,211.99,-0.0302252304819699,0.020409145607701573
GAP_FOLLOW,2026-03-03,MPC,LONG,214.225,211.99,0.02114018780685445,-0.010432956004201133
GAP_FADE,2026-03-03,MPC,SHORT,214.225,211.99,0.02114018780685445,0.010432956004201133
VWAP_MOMENTUM,2026-03-03,MPC,SHORT,207.75,211.99,-0.007814521795814211,-0.020409145607701573
GAP_FOLLOW,2026-03-03,MRK,SHORT,119.775,119.755,-0.012978986402966575,0.00016697975370494333
GAP_FADE,2026-03-03,MRK,LONG,119.775,119.755,-0.012978986402966575,-0.00016697975370494333
GAP_FOLLOW,2026-03-03,MS,SHORT,161.78,165.86,-0.031141454066355156,-0.02521943379898639
GAP_FADE,2026-03-03,MS,LONG,161.78,165.86,-0.031141454066355156,0.02521943379898639
GAP_FOLLOW,2026-03-03,MSFT,SHORT,393.095,403.8,-0.013538608246129069,-0.027232602805937534
GAP_FADE,2026-03-03,MSFT,LONG,393.095,403.8,-0.013538608246129069,0.027232602805937534
GAP_FOLLOW,2026-03-03,MU,SHORT,386.55,379.78,-0.06277276694791967,0.017513905057560564
GAP_FADE,2026-03-03,MU,LONG,386.55,379.78,-0.06277276694791967,-0.017513905057560564
OPENING_MOMENTUM,2026-03-03,NEE,SHORT,90.685,92.55,-0.00879877582249422,-0.020565694436786686
OPENING_REVERSAL,2026-03-03,NEE,LONG,90.685,92.55,-0.00879877582249422,0.020565694436786686
GAP_FOLLOW,2026-03-03,NEE,SHORT,91.49,92.55,-0.012946380407811042,-0.01158596567930914
GAP_FADE,2026-03-03,NEE,LONG,91.49,92.55,-0.012946380407811042,0.01158596567930914
GAP_FOLLOW,2026-03-03,NFLX,SHORT,95.985,97.705,-0.011075623325777939,-0.01791946658332022
GAP_FADE,2026-03-03,NFLX,LONG,95.985,97.705,-0.011075623325777939,0.01791946658332022
VWAP_MOMENTUM,2026-03-03,NFLX,SHORT,96.275,97.705,-0.008198540397844956,-0.014853284861074956
OPENING_MOMENTUM,2026-03-03,NOC,SHORT,756.5,759.165,-0.014537685954719493,-0.003522802379378742
OPENING_REVERSAL,2026-03-03,NOC,LONG,756.5,759.165,-0.014537685954719493,0.003522802379378742
GAP_FOLLOW,2026-03-03,NOW,SHORT,107.9,113.21,-0.013891427526960265,-0.04921223354958282
GAP_FADE,2026-03-03,NOW,LONG,107.9,113.21,-0.013891427526960265,0.04921223354958282
GAP_FOLLOW,2026-03-03,NVDA,SHORT,178.48,180.03,-0.02149122807017556,-0.008684446436575621
GAP_FADE,2026-03-03,NVDA,LONG,178.48,180.03,-0.02149122807017556,0.008684446436575621
OPENING_MOMENTUM,2026-03-03,OKE,SHORT,84.72,84.74,-0.021483021483021503,-0.00023607176581674771
OPENING_REVERSAL,2026-03-03,OKE,LONG,84.72,84.74,-0.021483021483021503,0.00023607176581674771
VWAP_MOMENTUM,2026-03-03,OKE,SHORT,84.72,84.74,-0.009370015541491528,-0.00023607176581674771
GAP_FOLLOW,2026-03-03,ORCL,SHORT,145.08,149.025,-0.027353177795655603,-0.02719189412737788
GAP_FADE,2026-03-03,ORCL,LONG,145.08,149.025,-0.027353177795655603,0.02719189412737788
OPENING_MOMENTUM,2026-03-03,OXY,SHORT,53.245,53.69,-0.031909090909091,-0.008357592262184355
OPENING_REVERSAL,2026-03-03,OXY,LONG,53.245,53.69,-0.031909090909091,0.008357592262184355
GAP_FOLLOW,2026-03-03,OXY,LONG,55.0,53.69,0.014947407270714086,-0.02381818181818185
GAP_FADE,2026-03-03,OXY,SHORT,55.0,53.69,0.014947407270714086,0.02381818181818185
VWAP_MOMENTUM,2026-03-03,OXY,SHORT,53.245,53.69,-0.009539823470920972,-0.008357592262184355
OPENING_MOMENTUM,2026-03-03,PANW,LONG,151.43,156.14,0.015729281953248186,0.031103480155847407
OPENING_REVERSAL,2026-03-03,PANW,SHORT,151.43,156.14,0.015729281953248186,-0.031103480155847407
OPENING_MOMENTUM,2026-03-03,PCG,SHORT,18.575,18.91,-0.009861407249467047,-0.018034993270525046
OPENING_REVERSAL,2026-03-03,PCG,LONG,18.575,18.91,-0.009861407249467047,0.018034993270525046
GAP_FOLLOW,2026-03-03,PCG,SHORT,18.76,18.91,-0.01728653745416442,-0.007995735607675858
GAP_FADE,2026-03-03,PCG,LONG,18.76,18.91,-0.01728653745416442,0.007995735607675858
OPENING_MOMENTUM,2026-03-03,PEG,SHORT,81.975,83.91,-0.017204172161611297,-0.02360475754803293
OPENING_REVERSAL,2026-03-03,PEG,LONG,81.975,83.91,-0.017204172161611297,0.02360475754803293
GAP_FOLLOW,2026-03-03,PEG,SHORT,83.41,83.91,-0.012431920435709176,-0.005994485073732125
GAP_FADE,2026-03-03,PEG,LONG,83.41,83.91,-0.012431920435709176,0.005994485073732125
VWAP_MOMENTUM,2026-03-03,PEG,SHORT,81.975,83.91,-0.005057556233016736,-0.02360475754803293
OPENING_MOMENTUM,2026-03-03,PG,SHORT,159.51,159.64,-0.014000927213722814,-0.0008149959250203231
OPENING_REVERSAL,2026-03-03,PG,LONG,159.51,159.64,-0.014000927213722814,0.0008149959250203231
GAP_FOLLOW,2026-03-03,PG,SHORT,161.775,159.64,-0.010489938222521311,0.013197341987328248
GAP_FADE,2026-03-03,PG,LONG,161.775,159.64,-0.010489938222521311,-0.013197341987328248
VWAP_MOMENTUM,2026-03-03,PG,SHORT,159.51,159.64,-0.007715259841569844,-0.0008149959250203231
GAP_FOLLOW,2026-03-03,PLD,SHORT,139.1,140.97,-0.025091112980095365,-0.013443565780014488
GAP_FADE,2026-03-03,PLD,LONG,139.1,140.97,-0.025091112980095365,0.013443565780014488
OPENING_MOMENTUM,2026-03-03,PM,SHORT,179.905,177.97,-0.010532394676053158,0.010755676607098197
OPENING_REVERSAL,2026-03-03,PM,LONG,179.905,177.97,-0.010532394676053158,-0.010755676607098197
GAP_FOLLOW,2026-03-03,PM,SHORT,181.82,177.97,-0.010987815491732,0.021174788252117493
GAP_FADE,2026-03-03,PM,LONG,181.82,177.97,-0.010987815491732,-0.021174788252117493
OPENING_MOMENTUM,2026-03-03,PSX,SHORT,157.33,159.75,-0.029785397138628378,-0.015381681815292536
OPENING_REVERSAL,2026-03-03,PSX,LONG,157.33,159.75,-0.029785397138628378,0.015381681815292536
GAP_FOLLOW,2026-03-03,PSX,LONG,162.16,159.75,0.012866958151155572,-0.01486186482486429
GAP_FADE,2026-03-03,PSX,SHORT,162.16,159.75,0.012866958151155572,0.01486186482486429
VWAP_MOMENTUM,2026-03-03,PSX,SHORT,157.33,159.75,-0.011938875607948596,-0.015381681815292536
GAP_FOLLOW,2026-03-03,PWR,SHORT,554.71,565.75,-0.03136186634536453,-0.019902291287339224
GAP_FADE,2026-03-03,PWR,LONG,554.71,565.75,-0.03136186634536453,0.019902291287339224
GAP_FOLLOW,2026-03-03,QCOM,SHORT,138.34,138.15,-0.01893482731721141,0.0013734277866126465
GAP_FADE,2026-03-03,QCOM,LONG,138.34,138.15,-0.01893482731721141,-0.0013734277866126465
GAP_FOLLOW,2026-03-03,RKLB,SHORT,68.82,70.08,-0.029200169276343724,-0.018308631211856996
GAP_FADE,2026-03-03,RKLB,LONG,68.82,70.08,-0.029200169276343724,0.018308631211856996
VWAP_MOMENTUM,2026-03-03,RKLB,SHORT,68.48,70.08,-0.0057704186257141465,-0.023364485981308247
GAP_FOLLOW,2026-03-03,ROK,SHORT,399.01,398.55,-0.03164664482465729,0.001152853311947033
GAP_FADE,2026-03-03,ROK,LONG,399.01,398.55,-0.03164664482465729,-0.001152853311947033
OPENING_MOMENTUM,2026-03-03,RTX,SHORT,209.945,206.5,-0.010020276323855382,0.016409059515587354
OPENING_REVERSAL,2026-03-03,RTX,LONG,209.945,206.5,-0.010020276323855382,-0.016409059515587354
VWAP_MOMENTUM,2026-03-03,RTX,SHORT,209.945,206.5,-0.006395936425019344,0.016409059515587354
OPENING_MOMENTUM,2026-03-03,SCHW,LONG,94.845,95.19,0.0100638977635783,0.0036375138383677452
OPENING_REVERSAL,2026-03-03,SCHW,SHORT,94.845,95.19,0.0100638977635783,-0.0036375138383677452
GAP_FOLLOW,2026-03-03,SCHW,SHORT,93.9,95.19,-0.01634192331866735,-0.013738019169329041
GAP_FADE,2026-03-03,SCHW,LONG,93.9,95.19,-0.01634192331866735,0.013738019169329041
OPENING_MOMENTUM,2026-03-03,SLB,SHORT,49.025,48.55,-0.023989647620943577,0.009688934217236156
OPENING_REVERSAL,2026-03-03,SLB,LONG,49.025,48.55,-0.023989647620943577,-0.009688934217236156
GAP_FOLLOW,2026-03-03,SLB,SHORT,50.23,48.55,-0.020093640265314128,0.03344614772048571
GAP_FADE,2026-03-03,SLB,LONG,50.23,48.55,-0.020093640265314128,-0.03344614772048571
VWAP_MOMENTUM,2026-03-03,SLB,SHORT,49.025,48.55,-0.006572297796713089,0.009688934217236156
GAP_FOLLOW,2026-03-03,SNPS,SHORT,414.83,424.325,-0.023745646239292206,-0.022888894245835623
GAP_FADE,2026-03-03,SNPS,LONG,414.83,424.325,-0.023745646239292206,0.022888894245835623
OPENING_MOMENTUM,2026-03-03,SO,SHORT,95.57,96.8,-0.01096967815378247,-0.012870147535837706
OPENING_REVERSAL,2026-03-03,SO,LONG,95.57,96.8,-0.01096967815378247,0.012870147535837706
VWAP_MOMENTUM,2026-03-03,SO,SHORT,95.57,96.8,-0.006366954179669482,-0.012870147535837706
GAP_FOLLOW,2026-03-03,SPGI,SHORT,437.025,443.94,-0.01337622756518797,-0.015822893427149598
GAP_FADE,2026-03-03,SPGI,LONG,437.025,443.94,-0.01337622756518797,0.015822893427149598
VWAP_MOMENTUM,2026-03-03,TDG,SHORT,1300.065,1326.3,-0.006147975767880065,-0.020179760242756917
OPENING_MOMENTUM,2026-03-03,TGT,LONG,117.655,120.76,0.014529619729240384,0.02639071862649267
OPENING_REVERSAL,2026-03-03,TGT,SHORT,117.655,120.76,0.014529619729240384,-0.02639071862649267
GAP_FOLLOW,2026-03-03,TGT,LONG,115.97,120.76,0.025194483734087614,0.0413037854617575
GAP_FADE,2026-03-03,TGT,SHORT,115.97,120.76,0.025194483734087614,-0.0413037854617575
OPENING_MOMENTUM,2026-03-03,TMO,SHORT,497.07,508.08,-0.010530296998168653,-0.022149797815196992
OPENING_REVERSAL,2026-03-03,TMO,LONG,497.07,508.08,-0.010530296998168653,0.022149797815196992
GAP_FOLLOW,2026-03-03,TMO,SHORT,502.36,508.08,-0.01203587161736941,-0.011386256867584876
GAP_FADE,2026-03-03,TMO,LONG,502.36,508.08,-0.01203587161736941,0.011386256867584876
OPENING_MOMENTUM,2026-03-03,TSLA,SHORT,390.64,392.625,-0.011263256473208583,-0.005081404874052842
OPENING_REVERSAL,2026-03-03,TSLA,LONG,390.64,392.625,-0.011263256473208583,0.005081404874052842
GAP_FOLLOW,2026-03-03,TSLA,SHORT,395.09,392.625,-0.020514918250220116,0.006239084765496394
GAP_FADE,2026-03-03,TSLA,LONG,395.09,392.625,-0.020514918250220116,-0.006239084765496394
OPENING_MOMENTUM,2026-03-03,TXN,SHORT,203.25,202.7,-0.010948905109489093,0.002706027060270677
OPENING_REVERSAL,2026-03-03,TXN,LONG,203.25,202.7,-0.010948905109489093,-0.002706027060270677
GAP_FOLLOW,2026-03-03,TXN,SHORT,205.5,202.7,-0.020449020449020416,0.013625304136253069
GAP_FADE,2026-03-03,TXN,LONG,205.5,202.7,-0.020449020449020416,-0.013625304136253069
VWAP_MOMENTUM,2026-03-03,TXN,SHORT,203.25,202.7,-0.006214755291789054,0.002706027060270677
GAP_FOLLOW,2026-03-03,UBER,SHORT,74.8,76.39,-0.015530402737562565,-0.021256684491978595
GAP_FADE,2026-03-03,UBER,LONG,74.8,76.39,-0.015530402737562565,0.021256684491978595
VWAP_MOMENTUM,2026-03-03,UBER,SHORT,74.63,76.39,-0.008840155345891554,-0.023583009513600484
OPENING_MOMENTUM,2026-03-03,UNH,SHORT,285.5,289.17,-0.012076542440914939,-0.012854640980735521
OPENING_REVERSAL,2026-03-03,UNH,LONG,285.5,289.17,-0.012076542440914939,0.012854640980735521
GAP_FOLLOW,2026-03-03,UNH,SHORT,288.99,289.17,-0.020073920857210714,-0.0006228589224541725
GAP_FADE,2026-03-03,UNH,LONG,288.99,289.17,-0.020073920857210714,0.0006228589224541725
VWAP_MOMENTUM,2026-03-03,UNH,SHORT,285.5,289.17,-0.009223951246688178,-0.012854640980735521
GAP_FOLLOW,2026-03-03,V,SHORT,315.805,320.67,-0.014187607304510741,-0.015405075917100719
GAP_FADE,2026-03-03,V,LONG,315.805,320.67,-0.014187607304510741,0.015405075917100719
OPENING_MOMENTUM,2026-03-03,VLO,SHORT,215.26,217.71,-0.014151591481566306,-0.011381585059927701
OPENING_REVERSAL,2026-03-03,VLO,LONG,215.26,217.71,-0.014151591481566306,0.011381585059927701
GAP_FOLLOW,2026-03-03,VLO,LONG,218.35,217.71,0.01595942676344686,-0.0029310739638195304
GAP_FADE,2026-03-03,VLO,SHORT,218.35,217.71,0.01595942676344686,0.0029310739638195304
VWAP_MOMENTUM,2026-03-03,VLO,SHORT,215.26,217.71,-0.009687262511527184,-0.011381585059927701
OPENING_MOMENTUM,2026-03-03,VRT,SHORT,240.37,244.38,-0.010823045267489673,-0.016682614302949483
OPENING_REVERSAL,2026-03-03,VRT,LONG,240.37,244.38,-0.010823045267489673,0.016682614302949483
GAP_FOLLOW,2026-03-03,VRT,SHORT,243.0,244.38,-0.056933286762137714,-0.005679012345678913
GAP_FADE,2026-03-03,VRT,LONG,243.0,244.38,-0.056933286762137714,0.005679012345678913
OPENING_MOMENTUM,2026-03-03,VRTX,SHORT,476.725,474.14,-0.015234455690972926,0.005422413341024779
OPENING_REVERSAL,2026-03-03,VRTX,LONG,476.725,474.14,-0.015234455690972926,-0.005422413341024779
VWAP_MOMENTUM,2026-03-03,VRTX,SHORT,476.725,474.14,-0.00533419139036273,0.005422413341024779
OPENING_MOMENTUM,2026-03-03,VST,SHORT,154.45,161.7,-0.04157617126900415,-0.046940757526707566
OPENING_REVERSAL,2026-03-03,VST,LONG,154.45,161.7,-0.04157617126900415,0.046940757526707566
GAP_FOLLOW,2026-03-03,VST,SHORT,161.15,161.7,-0.029099891553199142,-0.0034129692832762792
GAP_FADE,2026-03-03,VST,LONG,161.15,161.7,-0.029099891553199142,0.0034129692832762792
VWAP_MOMENTUM,2026-03-03,VST,SHORT,154.45,161.7,-0.00894764334500564,-0.046940757526707566
OPENING_MOMENTUM,2026-03-03,VZ,LONG,50.205,50.87,0.011076427348706064,0.013245692660093678
OPENING_REVERSAL,2026-03-03,VZ,SHORT,50.205,50.87,0.011076427348706064,-0.013245692660093678
OPENING_MOMENTUM,2026-03-03,WMB,SHORT,75.38,75.865,-0.010890959191707128,-0.0064340673918812374
OPENING_REVERSAL,2026-03-03,WMB,LONG,75.38,75.865,-0.010890959191707128,0.0064340673918812374
OPENING_MOMENTUM,2026-03-03,XEL,SHORT,81.54,83.14,-0.017827029631414026,-0.019622271277900394
OPENING_REVERSAL,2026-03-03,XEL,LONG,81.54,83.14,-0.017827029631414026,0.019622271277900394
VWAP_MOMENTUM,2026-03-03,XEL,SHORT,81.54,83.14,-0.012632270504844834,-0.019622271277900394
OPENING_MOMENTUM,2026-03-03,XOM,SHORT,151.395,151.76,-0.02602290272774055,-0.0024109118530992735
OPENING_REVERSAL,2026-03-03,XOM,LONG,151.395,151.76,-0.02602290272774055,0.0024109118530992735
VWAP_MOMENTUM,2026-03-03,XOM,SHORT,151.395,151.76,-0.010641997179969942,-0.0024109118530992735
OPENING_MOMENTUM,2026-03-04,AAPL,SHORT,262.42,262.5,-0.008576070119762691,-0.00030485481289521665
OPENING_REVERSAL,2026-03-04,AAPL,LONG,262.42,262.5,-0.008576070119762691,0.00030485481289521665
OPENING_MOMENTUM,2026-03-04,ABT,SHORT,112.85,113.06,-0.008130081300813052,-0.0018608772707133792
OPENING_REVERSAL,2026-03-04,ABT,LONG,112.85,113.06,-0.008130081300813052,0.0018608772707133792
OPENING_MOMENTUM,2026-03-04,ADBE,LONG,274.18,273.11,0.012575016157326369,-0.0039025457728498747
OPENING_REVERSAL,2026-03-04,ADBE,SHORT,274.18,273.11,0.012575016157326369,0.0039025457728498747
GAP_FOLLOW,2026-03-04,ADI,LONG,342.61,341.37,0.010619155777115807,-0.003619275561133728
GAP_FADE,2026-03-04,ADI,SHORT,342.61,341.37,0.010619155777115807,0.003619275561133728
OPENING_MOMENTUM,2026-03-04,AMAT,SHORT,351.76,357.8,-0.022943169823898657,-0.01717079827154877
OPENING_REVERSAL,2026-03-04,AMAT,LONG,351.76,357.8,-0.022943169823898657,0.01717079827154877
GAP_FOLLOW,2026-03-04,AMAT,LONG,360.02,357.8,0.02473458002447848,-0.006166324093105802
GAP_FADE,2026-03-04,AMAT,SHORT,360.02,357.8,0.02473458002447848,0.006166324093105802
VWAP_MOMENTUM,2026-03-04,AMAT,SHORT,351.76,357.8,-0.007107404660710248,-0.01717079827154877
OPENING_MOMENTUM,2026-03-04,AMD,LONG,195.17,202.04,0.014950986765126517,0.03520008197981239
OPENING_REVERSAL,2026-03-04,AMD,SHORT,195.17,202.04,0.014950986765126517,-0.03520008197981239
VWAP_MOMENTUM,2026-03-04,AMD,LONG,195.17,202.04,0.009945172250916512,0.03520008197981239
OPENING_MOMENTUM,2026-03-04,AMGN,SHORT,372.295,379.18,-0.020276315789473642,-0.01849339905182723
OPENING_REVERSAL,2026-03-04,AMGN,LONG,372.295,379.18,-0.020276315789473642,0.01849339905182723
VWAP_MOMENTUM,2026-03-04,AMGN,SHORT,372.295,379.18,-0.006927440458576295,-0.01849339905182723
OPENING_MOMENTUM,2026-03-04,AMZN,LONG,214.865,216.805,0.02063936918107534,0.009028925139040744
OPENING_REVERSAL,2026-03-04,AMZN,SHORT,214.865,216.805,0.02063936918107534,-0.009028925139040744
VWAP_MOMENTUM,2026-03-04,AMZN,LONG,214.865,216.805,0.010600475216537397,0.009028925139040744
VWAP_MOMENTUM,2026-03-04,AVGO,LONG,317.495,317.1,0.0075238334892315795,-0.0012441140805365958
OPENING_MOMENTUM,2026-03-04,BA,SHORT,222.2,227.3,-0.017922255861748893,-0.022952295229523134
OPENING_REVERSAL,2026-03-04,BA,LONG,222.2,227.3,-0.017922255861748893,0.022952295229523134
GAP_FOLLOW,2026-03-04,BA,LONG,226.255,227.3,0.010021874023481203,0.004618682460056256
GAP_FADE,2026-03-04,BA,SHORT,226.255,227.3,0.010021874023481203,-0.004618682460056256
OPENING_MOMENTUM,2026-03-04,BAC,SHORT,49.5,50.28,-0.010197960407918427,-0.01575757575757586
OPENING_REVERSAL,2026-03-04,BAC,LONG,49.5,50.28,-0.010197960407918427,0.01575757575757586
OPENING_MOMENTUM,2026-03-04,BKNG,LONG,4251.345,4254.59,0.02540264470185316,0.0007632878536085741
OPENING_REVERSAL,2026-03-04,BKNG,SHORT,4251.345,4254.59,0.02540264470185316,-0.0007632878536085741
VWAP_MOMENTUM,2026-03-04,BKNG,LONG,4251.345,4254.59,0.00953423474173487,0.0007632878536085741
OPENING_MOMENTUM,2026-03-04,BLK,SHORT,1049.145,1049.22,-0.007896018420890827,-7.148678209412118e-05
OPENING_REVERSAL,2026-03-04,BLK,LONG,1049.145,1049.22,-0.007896018420890827,7.148678209412118e-05
OPENING_MOMENTUM,2026-03-04,CARR,SHORT,60.785,61.09,-0.010982753010087887,-0.0050176852841985475
OPENING_REVERSAL,2026-03-04,CARR,LONG,60.785,61.09,-0.010982753010087887,0.0050176852841985475
GAP_FOLLOW,2026-03-04,CAT,LONG,735.39,732.4,0.018052190766248977,-0.004065869810576661
GAP_FADE,2026-03-04,CAT,SHORT,735.39,732.4,0.018052190766248977,0.004065869810576661
VWAP_MOMENTUM,2026-03-04,CEG,LONG,323.46,322.87,0.0084198834485536,-0.0018240277004883954
OPENING_MOMENTUM,2026-03-04,COP,SHORT,115.1,115.665,-0.01218674905595607,-0.004908774978279906
OPENING_REVERSAL,2026-03-04,COP,LONG,115.1,115.665,-0.01218674905595607,0.004908774978279906
GAP_FOLLOW,2026-03-04,COP,SHORT,116.52,115.665,-0.01633531720906678,0.007337796086508641
GAP_FADE,2026-03-04,COP,LONG,116.52,115.665,-0.01633531720906678,-0.007337796086508641
VWAP_MOMENTUM,2026-03-04,COP,SHORT,115.1,115.665,-0.008058109819104486,-0.004908774978279906
OPENING_MOMENTUM,2026-03-04,COST,SHORT,998.4,1006.725,-0.007702628832679026,-0.008338341346153966
OPENING_REVERSAL,2026-03-04,COST,LONG,998.4,1006.725,-0.007702628832679026,0.008338341346153966
VWAP_MOMENTUM,2026-03-04,COST,SHORT,998.4,1006.725,-0.006196402546297497,-0.008338341346153966
OPENING_MOMENTUM,2026-03-04,CVX,SHORT,184.38,186.07,-0.01700698405928447,-0.009165853129406543
OPENING_REVERSAL,2026-03-04,CVX,LONG,184.38,186.07,-0.01700698405928447,0.009165853129406543
VWAP_MOMENTUM,2026-03-04,CVX,SHORT,184.38,186.07,-0.008795516110950197,-0.009165853129406543
OPENING_MOMENTUM,2026-03-04,D,SHORT,62.005,62.59,-0.009346540980987417,-0.009434723006209289
OPENING_REVERSAL,2026-03-04,D,LONG,62.005,62.59,-0.009346540980987417,0.009434723006209289
OPENING_MOMENTUM,2026-03-04,DVN,SHORT,42.87,43.475,-0.015161957270847792,-0.014112432936785657
OPENING_REVERSAL,2026-03-04,DVN,LONG,42.87,43.475,-0.015161957270847792,0.014112432936785657
GAP_FOLLOW,2026-03-04,DVN,SHORT,43.53,43.475,-0.010681818181818126,0.0012634964392372883
GAP_FADE,2026-03-04,DVN,LONG,43.53,43.475,-0.010681818181818126,-0.0012634964392372883
VWAP_MOMENTUM,2026-03-04,DVN,SHORT,42.87,43.475,-0.013337570018143285,-0.014112432936785657
OPENING_MOMENTUM,2026-03-04,ELV,LONG,287.96,291.61,0.013943661971830945,0.012675371579386141
OPENING_REVERSAL,2026-03-04,ELV,SHORT,287.96,291.61,0.013943661971830945,-0.012675371579386141
OPENING_MOMENTUM,2026-03-04,ENPH,SHORT,42.39,42.69,-0.02551724137931033,-0.007077140835102469
OPENING_REVERSAL,2026-03-04,ENPH,LONG,42.39,42.69,-0.02551724137931033,0.007077140835102469
VWAP_MOMENTUM,2026-03-04,ENPH,SHORT,42.39,42.69,-0.005778526787965199,-0.007077140835102469
GAP_FOLLOW,2026-03-04,EOG,SHORT,125.29,127.94,-0.021248339973439445,-0.021150929842764787
GAP_FADE,2026-03-04,EOG,LONG,125.29,127.94,-0.021248339973439445,0.021150929842764787
VWAP_MOMENTUM,2026-03-04,EOG,SHORT,124.62,127.94,-0.007276912393473389,-0.02664098860536024
OPENING_MOMENTUM,2026-03-04,EQT,SHORT,60.24,61.33,-0.008231807704972005,-0.01809428950863201
OPENING_REVERSAL,2026-03-04,EQT,LONG,60.24,61.33,-0.008231807704972005,0.01809428950863201
GAP_FOLLOW,2026-03-04,EQT,SHORT,60.74,61.33,-0.014361054766734216,-0.009713533091866955
GAP_FADE,2026-03-04,EQT,LONG,60.74,61.33,-0.014361054766734216,0.009713533091866955
VWAP_MOMENTUM,2026-03-04,EQT,SHORT,60.24,61.33,-0.0054852672577182515,-0.01809428950863201
OPENING_MOMENTUM,2026-03-04,ETN,SHORT,352.7,354.555,-0.015904017857142794,-0.005259427275304818
OPENING_REVERSAL,2026-03-04,ETN,LONG,352.7,354.555,-0.015904017857142794,0.005259427275304818
VWAP_MOMENTUM,2026-03-04,ETN,SHORT,352.7,354.555,-0.006890125329112706,-0.005259427275304818
GAP_FOLLOW,2026-03-04,FANG,SHORT,174.22,176.81,-0.01831295430213553,-0.014866261049248042
GAP_FADE,2026-03-04,FANG,LONG,174.22,176.81,-0.01831295430213553,0.014866261049248042
OPENING_MOMENTUM,2026-03-04,GD,SHORT,360.85,366.15,-0.01001371742112478,-0.014687543300540229
OPENING_REVERSAL,2026-03-04,GD,LONG,360.85,366.15,-0.01001371742112478,0.014687543300540229
OPENING_MOMENTUM,2026-03-04,HAL,SHORT,34.19,34.43,-0.021745350500715466,-0.007019596373208703
OPENING_REVERSAL,2026-03-04,HAL,LONG,34.19,34.43,-0.021745350500715466,0.007019596373208703
VWAP_MOMENTUM,2026-03-04,HAL,SHORT,34.19,34.43,-0.006818568400586478,-0.007019596373208703
OPENING_MOMENTUM,2026-03-04,HON,SHORT,239.98,246.03,-0.02044981427813386,-0.025210434202850296
OPENING_REVERSAL,2026-03-04,HON,LONG,239.98,246.03,-0.02044981427813386,0.025210434202850296
VWAP_MOMENTUM,2026-03-04,HON,SHORT,239.98,246.03,-0.006007404448773901,-0.025210434202850296
OPENING_MOMENTUM,2026-03-04,HUBB,SHORT,488.18,490.68,-0.012640818720546898,-0.00512106190339634
OPENING_REVERSAL,2026-03-04,HUBB,LONG,488.18,490.68,-0.012640818720546898,0.00512106190339634
GAP_FOLLOW,2026-03-04,HUBB,LONG,494.43,490.68,0.012989407691204491,-0.007584491232328183
GAP_FADE,2026-03-04,HUBB,SHORT,494.43,490.68,0.012989407691204491,0.007584491232328183
OPENING_MOMENTUM,2026-03-04,HWM,SHORT,256.775,260.06,-0.01057721948212087,-0.012793301528575718
OPENING_REVERSAL,2026-03-04,HWM,LONG,256.775,260.06,-0.01057721948212087,0.012793301528575718
OPENING_MOMENTUM,2026-03-04,IBM,LONG,248.14,249.99,0.012237904870686211,0.007455468687031619
OPENING_REVERSAL,2026-03-04,IBM,SHORT,248.14,249.99,0.012237904870686211,-0.007455468687031619
VWAP_MOMENTUM,2026-03-04,IBM,LONG,248.14,249.99,0.007724954492521086,0.007455468687031619
OPENING_MOMENTUM,2026-03-04,INTC,SHORT,43.38,45.56,-0.01588021778584381,-0.05025357307514988
OPENING_REVERSAL,2026-03-04,INTC,LONG,43.38,45.56,-0.01588021778584381,0.05025357307514988
GAP_FOLLOW,2026-03-04,INTC,LONG,44.08,45.56,0.02226345083487935,0.03357531760435584
GAP_FADE,2026-03-04,INTC,SHORT,44.08,45.56,0.02226345083487935,-0.03357531760435584
VWAP_MOMENTUM,2026-03-04,INTC,SHORT,43.38,45.56,-0.00875093765850321,-0.05025357307514988
OPENING_MOMENTUM,2026-03-04,IREN,LONG,42.26,43.8,0.04204167180372331,0.03644107903454796
OPENING_REVERSAL,2026-03-04,IREN,SHORT,42.26,43.8,0.04204167180372331,-0.03644107903454796
GAP_FOLLOW,2026-03-04,IREN,LONG,40.555,43.8,0.04375241281688336,0.08001479472321527
GAP_FADE,2026-03-04,IREN,SHORT,40.555,43.8,0.04375241281688336,-0.08001479472321527
VWAP_MOMENTUM,2026-03-04,IREN,LONG,42.26,43.8,0.014794980550286496,0.03644107903454796
VWAP_MOMENTUM,2026-03-04,JCI,SHORT,139.85,140.04,-0.008953351894443129,-0.0013585984983910393
OPENING_MOMENTUM,2026-03-04,JPM,SHORT,297.17,299.34,-0.010719398115782708,-0.007302217585893445
OPENING_REVERSAL,2026-03-04,JPM,LONG,297.17,299.34,-0.010719398115782708,0.007302217585893445
OPENING_MOMENTUM,2026-03-04,KO,SHORT,78.26,78.07,-0.013114754098360604,0.002427804753386331
OPENING_REVERSAL,2026-03-04,KO,LONG,78.26,78.07,-0.013114754098360604,-0.002427804753386331
OPENING_MOMENTUM,2026-03-04,LHX,SHORT,362.26,368.655,-0.017932904100305014,-0.017653066858057676
OPENING_REVERSAL,2026-03-04,LHX,LONG,362.26,368.655,-0.017932904100305014,0.017653066858057676
VWAP_MOMENTUM,2026-03-04,LHX,SHORT,362.26,368.655,-0.005196358017259817,-0.017653066858057676
OPENING_MOMENTUM,2026-03-04,LIN,SHORT,497.855,499.06,-0.009046576433120901,-0.0024203834449789685
OPENING_REVERSAL,2026-03-04,LIN,LONG,497.855,499.06,-0.009046576433120901,0.0024203834449789685
VWAP_MOMENTUM,2026-03-04,LIN,SHORT,497.855,499.06,-0.005067977431501669,-0.0024203834449789685
OPENING_MOMENTUM,2026-03-04,LLY,SHORT,998.09,1003.995,-0.015428171209296293,-0.005916300133254504
OPENING_REVERSAL,2026-03-04,LLY,LONG,998.09,1003.995,-0.015428171209296293,0.005916300133254504
VWAP_MOMENTUM,2026-03-04,LLY,SHORT,998.09,1003.995,-0.006740990498168897,-0.005916300133254504
OPENING_MOMENTUM,2026-03-04,LMT,SHORT,654.06,664.66,-0.023805614841569622,-0.016206464238754936
OPENING_REVERSAL,2026-03-04,LMT,LONG,654.06,664.66,-0.023805614841569622,0.016206464238754936
VWAP_MOMENTUM,2026-03-04,LMT,SHORT,654.06,664.66,-0.011050908807921478,-0.016206464238754936
OPENING_MOMENTUM,2026-03-04,LRCX,SHORT,219.21,222.97,-0.011877662331808203,-0.01715250216687192
OPENING_REVERSAL,2026-03-04,LRCX,LONG,219.21,222.97,-0.011877662331808203,0.01715250216687192
GAP_FOLLOW,2026-03-04,LRCX,LONG,221.845,222.97,0.020821829560095706,0.005071108206180064
GAP_FADE,2026-03-04,LRCX,SHORT,221.845,222.97,0.020821829560095706,-0.005071108206180064
VWAP_MOMENTUM,2026-03-04,LRCX,SHORT,219.21,222.97,-0.010381722298654972,-0.01715250216687192
OPENING_MOMENTUM,2026-03-04,META,LONG,666.72,667.53,0.011116334794279537,0.0012149028077752533
OPENING_REVERSAL,2026-03-04,META,SHORT,666.72,667.53,0.011116334794279537,-0.0012149028077752533
VWAP_MOMENTUM,2026-03-04,META,LONG,666.72,667.53,0.006301614357186125,0.0012149028077752533
OPENING_MOMENTUM,2026-03-04,MRK,SHORT,118.015,120.29,-0.016541666666666677,-0.01927721052408593
OPENING_REVERSAL,2026-03-04,MRK,LONG,118.015,120.29,-0.016541666666666677,0.01927721052408593
VWAP_MOMENTUM,2026-03-04,MRK,SHORT,118.015,120.29,-0.007937352091048733,-0.01927721052408593
GAP_FOLLOW,2026-03-04,MS,LONG,167.98,167.54,0.012781864222838335,-0.0026193594475533155
GAP_FADE,2026-03-04,MS,SHORT,167.98,167.54,0.012781864222838335,0.0026193594475533155
OPENING_MOMENTUM,2026-03-04,MSFT,LONG,405.775,405.0,0.011025289647439873,-0.0019099254512968677
OPENING_REVERSAL,2026-03-04,MSFT,SHORT,405.775,405.0,0.011025289647439873,0.0019099254512968677
OPENING_MOMENTUM,2026-03-04,MU,SHORT,390.125,400.73,-0.00829965174508751,-0.027183595001602168
OPENING_REVERSAL,2026-03-04,MU,LONG,390.125,400.73,-0.00829965174508751,0.027183595001602168
GAP_FOLLOW,2026-03-04,MU,LONG,393.39,400.73,0.03583653694244049,0.018658328884821662
GAP_FADE,2026-03-04,MU,SHORT,393.39,400.73,0.03583653694244049,-0.018658328884821662
OPENING_MOMENTUM,2026-03-04,NFLX,LONG,98.8,98.61,0.017298187808896026,-0.0019230769230769162
OPENING_REVERSAL,2026-03-04,NFLX,SHORT,98.8,98.61,0.017298187808896026,0.0019230769230769162
OPENING_MOMENTUM,2026-03-04,NOC,SHORT,739.575,753.83,-0.023592472060677716,-0.019274583375587406
OPENING_REVERSAL,2026-03-04,NOC,LONG,739.575,753.83,-0.023592472060677716,0.019274583375587406
OPENING_MOMENTUM,2026-03-04,NOW,LONG,113.65,113.85,0.014913377388819482,0.001759788825340891
OPENING_REVERSAL,2026-03-04,NOW,SHORT,113.65,113.85,0.014913377388819482,-0.001759788825340891
GAP_FOLLOW,2026-03-04,NOW,SHORT,111.98,113.85,-0.010864764596766996,-0.016699410609037235
GAP_FADE,2026-03-04,NOW,LONG,111.98,113.85,-0.010864764596766996,0.016699410609037235
OPENING_MOMENTUM,2026-03-04,ORCL,LONG,151.445,152.38,0.009633333333333383,0.006173858496483886
OPENING_REVERSAL,2026-03-04,ORCL,SHORT,151.445,152.38,0.009633333333333383,-0.006173858496483886
GAP_FOLLOW,2026-03-04,OXY,SHORT,52.375,53.6,-0.024492456695846432,-0.023389021479713668
GAP_FADE,2026-03-04,OXY,LONG,52.375,53.6,-0.024492456695846432,0.023389021479713668
VWAP_MOMENTUM,2026-03-04,OXY,SHORT,52.72,53.6,-0.005236582667240586,-0.01669195751138086
OPENING_MOMENTUM,2026-03-04,PANW,LONG,157.255,158.57,0.007657311290529156,0.008362214238021082
OPENING_REVERSAL,2026-03-04,PANW,SHORT,157.255,158.57,0.007657311290529156,-0.008362214238021082
VWAP_MOMENTUM,2026-03-04,PANW,LONG,157.255,158.57,0.007147958943351851,0.008362214238021082
OPENING_MOMENTUM,2026-03-04,PEP,SHORT,164.175,163.89,-0.009263170599239645,0.0017359524897214706
OPENING_REVERSAL,2026-03-04,PEP,LONG,164.175,163.89,-0.009263170599239645,-0.0017359524897214706
OPENING_MOMENTUM,2026-03-04,PG,SHORT,157.835,158.235,-0.010066482689412903,-0.002534292140526473
OPENING_REVERSAL,2026-03-04,PG,LONG,157.835,158.235,-0.010066482689412903,0.002534292140526473
OPENING_MOMENTUM,2026-03-04,PLD,SHORT,138.64,139.415,-0.015830198054944455,-0.005590017311021489
OPENING_REVERSAL,2026-03-04,PLD,LONG,138.64,139.415,-0.015830198054944455,0.005590017311021489
OPENING_MOMENTUM,2026-03-04,PWR,SHORT,565.1,568.39,-0.00941329079530917,-0.005821978410900597
OPENING_REVERSAL,2026-03-04,PWR,LONG,565.1,568.39,-0.00941329079530917,0.005821978410900597
VWAP_MOMENTUM,2026-03-04,RKLB,SHORT,70.22,71.89,-0.00979017720895925,-0.023782398177157438
OPENING_MOMENTUM,2026-03-04,RTX,SHORT,205.13,208.78,-0.01070653484446582,-0.017793594306049876
OPENING_REVERSAL,2026-03-04,RTX,LONG,205.13,208.78,-0.01070653484446582,0.017793594306049876
OPENING_MOMENTUM,2026-03-04,SLB,SHORT,47.705,47.89,-0.02343909928352106,-0.0038780002096217014
OPENING_REVERSAL,2026-03-04,SLB,LONG,47.705,47.89,-0.02343909928352106,0.0038780002096217014
VWAP_MOMENTUM,2026-03-04,SLB,SHORT,47.705,47.89,-0.010865623911091582,-0.0038780002096217014
OPENING_MOMENTUM,2026-03-04,SPGI,LONG,446.955,445.58,0.007801666309653843,-0.0030763723417346345
OPENING_REVERSAL,2026-03-04,SPGI,SHORT,446.955,445.58,0.007801666309653843,0.0030763723417346345
OPENING_MOMENTUM,2026-03-04,TDG,SHORT,1313.14,1314.78,-0.010437154763788703,-0.001248914814871105
OPENING_REVERSAL,2026-03-04,TDG,LONG,1313.14,1314.78,-0.010437154763788703,0.001248914814871105
OPENING_MOMENTUM,2026-03-04,TGT,SHORT,122.825,120.05,-0.019752593774940097,0.02259312029310001
OPENING_REVERSAL,2026-03-04,TGT,LONG,122.825,120.05,-0.019752593774940097,-0.02259312029310001
GAP_FOLLOW,2026-03-04,TGT,LONG,125.3,120.05,0.03759523020867839,-0.04189944134078216
GAP_FADE,2026-03-04,TGT,SHORT,125.3,120.05,0.03759523020867839,0.04189944134078216
VWAP_MOMENTUM,2026-03-04,TGT,SHORT,122.825,120.05,-0.0072875104739780205,0.02259312029310001
GAP_FOLLOW,2026-03-04,TSLA,LONG,397.845,405.96,0.013295128939828205,0.02039739094370918
GAP_FADE,2026-03-04,TSLA,SHORT,397.845,405.96,0.013295128939828205,-0.02039739094370918
VWAP_MOMENTUM,2026-03-04,TSLA,SHORT,397.98,405.96,-0.005341268099664731,-0.020051258857228804
OPENING_MOMENTUM,2026-03-04,TXN,SHORT,202.64,202.36,-0.008319467554076643,0.0013817607579943436
OPENING_REVERSAL,2026-03-04,TXN,LONG,202.64,202.36,-0.008319467554076643,-0.0013817607579943436
GAP_FOLLOW,2026-03-04,VRT,LONG,249.025,251.26,0.019007283738440073,0.00897500250978811
GAP_FADE,2026-03-04,VRT,SHORT,249.025,251.26,0.019007283738440073,-0.00897500250978811
OPENING_MOMENTUM,2026-03-04,WMB,SHORT,74.8,75.76,-0.009533898305084776,-0.012834224598930577
OPENING_REVERSAL,2026-03-04,WMB,LONG,74.8,75.76,-0.009533898305084776,0.012834224598930577
VWAP_MOMENTUM,2026-03-04,WMB,SHORT,74.8,75.76,-0.005932970218991529,-0.012834224598930577
OPENING_MOMENTUM,2026-03-04,XOM,SHORT,148.46,149.87,-0.014733209450491058,-0.00949750774619429
OPENING_REVERSAL,2026-03-04,XOM,LONG,148.46,149.87,-0.014733209450491058,0.00949750774619429
VWAP_MOMENTUM,2026-03-04,XOM,SHORT,148.46,149.87,-0.007016339677367922,-0.00949750774619429
GAP_FOLLOW,2026-03-05,ABBV,SHORT,233.45,232.32,-0.01164267569856059,0.004840436924394953
GAP_FADE,2026-03-05,ABBV,LONG,233.45,232.32,-0.01164267569856059,-0.004840436924394953
GAP_FOLLOW,2026-03-05,ABT,SHORT,111.57,110.945,-0.01317884309216355,0.0056018643004391855
GAP_FADE,2026-03-05,ABT,LONG,111.57,110.945,-0.01317884309216355,-0.0056018643004391855
OPENING_MOMENTUM,2026-03-05,ADBE,LONG,283.805,281.695,0.02908062439944148,-0.007434682264230719
OPENING_REVERSAL,2026-03-05,ADBE,SHORT,283.805,281.695,0.02908062439944148,0.007434682264230719
VWAP_MOMENTUM,2026-03-05,ADBE,LONG,283.805,281.695,0.0060172418045290055,-0.007434682264230719
GAP_FOLLOW,2026-03-05,AMAT,SHORT,351.035,346.375,-0.018907210732252655,0.013275029555457452
GAP_FADE,2026-03-05,AMAT,LONG,351.035,346.375,-0.018907210732252655,-0.013275029555457452
VWAP_MOMENTUM,2026-03-05,AMAT,LONG,352.93,346.375,0.007753520207034681,-0.01857308814779135
OPENING_MOMENTUM,2026-03-05,AMD,LONG,201.77,199.43,0.020844927902858634,-0.011597363334489796
OPENING_REVERSAL,2026-03-05,AMD,SHORT,201.77,199.43,0.020844927902858634,0.011597363334489796
GAP_FOLLOW,2026-03-05,AMD,SHORT,197.65,199.43,-0.02172837061967925,-0.009005818365798168
GAP_FADE,2026-03-05,AMD,LONG,197.65,199.43,-0.02172837061967925,0.009005818365798168
GAP_FOLLOW,2026-03-05,AMGN,SHORT,374.02,367.56,-0.01360831267471918,0.01727180364686376
GAP_FADE,2026-03-05,AMGN,LONG,374.02,367.56,-0.01360831267471918,-0.01727180364686376
OPENING_MOMENTUM,2026-03-05,AMZN,LONG,219.26,218.87,0.014435088368649929,-0.001778710207059997
OPENING_REVERSAL,2026-03-05,AMZN,SHORT,219.26,218.87,0.014435088368649929,0.001778710207059997
OPENING_MOMENTUM,2026-03-05,AVGO,LONG,332.34,332.68,0.008129588060425741,0.00102304868508174
OPENING_REVERSAL,2026-03-05,AVGO,SHORT,332.34,332.68,0.008129588060425741,-0.00102304868508174
GAP_FOLLOW,2026-03-05,AVGO,LONG,329.66,332.68,0.03960895616524751,0.009160953709882902
GAP_FADE,2026-03-05,AVGO,SHORT,329.66,332.68,0.03960895616524751,-0.009160953709882902
VWAP_MOMENTUM,2026-03-05,AVGO,LONG,332.34,332.68,0.013006035145093353,0.00102304868508174
OPENING_MOMENTUM,2026-03-05,BKNG,LONG,4602.49,4614.5,0.020258916893883816,0.0026094570547683382
OPENING_REVERSAL,2026-03-05,BKNG,SHORT,4602.49,4614.5,0.020258916893883816,-0.0026094570547683382
GAP_FOLLOW,2026-03-05,BKNG,LONG,4511.1,4614.5,0.060290180722466946,0.022921238722262816
GAP_FADE,2026-03-05,BKNG,SHORT,4511.1,4614.5,0.060290180722466946,-0.022921238722262816
GAP_FOLLOW,2026-03-05,BRK.B,LONG,494.37,499.99,0.014081906852237536,0.011368003721908604
GAP_FADE,2026-03-05,BRK.B,SHORT,494.37,499.99,0.014081906852237536,-0.011368003721908604
OPENING_MOMENTUM,2026-03-05,CAT,LONG,726.88,705.93,0.008253228468783513,-0.02882181377944093
OPENING_REVERSAL,2026-03-05,CAT,SHORT,726.88,705.93,0.008253228468783513,0.02882181377944093
GAP_FOLLOW,2026-03-05,CAT,SHORT,720.93,705.93,-0.01566084107045329,0.02080645832466399
GAP_FADE,2026-03-05,CAT,LONG,720.93,705.93,-0.01566084107045329,-0.02080645832466399
VWAP_MOMENTUM,2026-03-05,CAT,LONG,726.88,705.93,0.008686097088287603,-0.02882181377944093
OPENING_MOMENTUM,2026-03-05,CDNS,LONG,305.915,299.82,0.009620462046204592,-0.019923835052220507
OPENING_REVERSAL,2026-03-05,CDNS,SHORT,305.915,299.82,0.009620462046204592,0.019923835052220507
VWAP_MOMENTUM,2026-03-05,CDNS,LONG,305.915,299.82,0.011903310068631878,-0.019923835052220507
OPENING_MOMENTUM,2026-03-05,CEG,LONG,328.5,332.22,0.026722925457102642,0.011324200913242155
OPENING_REVERSAL,2026-03-05,CEG,SHORT,328.5,332.22,0.026722925457102642,-0.011324200913242155
VWAP_MOMENTUM,2026-03-05,CEG,LONG,328.5,332.22,0.012490072953146525,0.011324200913242155
GAP_FOLLOW,2026-03-05,CI,SHORT,281.255,281.24,-0.012412654938726897,5.3332385201998456e-05
GAP_FADE,2026-03-05,CI,LONG,281.255,281.24,-0.012412654938726897,-5.3332385201998456e-05
OPENING_MOMENTUM,2026-03-05,COP,LONG,118.12,116.835,0.009270730977912756,-0.010878767355232077
OPENING_REVERSAL,2026-03-05,COP,SHORT,118.12,116.835,0.009270730977912756,0.010878767355232077
GAP_FOLLOW,2026-03-05,COP,LONG,117.035,116.835,0.011844551074222887,-0.001708890502841065
GAP_FADE,2026-03-05,COP,SHORT,117.035,116.835,0.011844551074222887,0.001708890502841065
GAP_FOLLOW,2026-03-05,COST,SHORT,993.475,981.765,-0.013161488986565328,0.011786909585042471
GAP_FADE,2026-03-05,COST,LONG,993.475,981.765,-0.013161488986565328,-0.011786909585042471
OPENING_MOMENTUM,2026-03-05,CRM,LONG,201.69,201.39,0.03624733475479758,-0.0014874312063067885
OPENING_REVERSAL,2026-03-05,CRM,SHORT,201.69,201.39,0.03624733475479758,0.0014874312063067885
VWAP_MOMENTUM,2026-03-05,CRM,LONG,201.69,201.39,0.012999938470510175,-0.0014874312063067885
OPENING_MOMENTUM,2026-03-05,CSCO,LONG,81.005,79.985,0.012689086135766914,-0.012591815320041944
OPENING_REVERSAL,2026-03-05,CSCO,SHORT,81.005,79.985,0.012689086135766914,0.012591815320041944
GAP_FOLLOW,2026-03-05,CSCO,SHORT,79.99,79.985,-0.010514596734290116,6.250781347660883e-05
GAP_FADE,2026-03-05,CSCO,LONG,79.99,79.985,-0.010514596734290116,-6.250781347660883e-05
VWAP_MOMENTUM,2026-03-05,CSCO,LONG,81.005,79.985,0.008402683619830764,-0.012591815320041944
OPENING_MOMENTUM,2026-03-05,CVX,LONG,188.2,189.85,0.009169392460721681,0.008767268862911903
OPENING_REVERSAL,2026-03-05,CVX,SHORT,188.2,189.85,0.009169392460721681,-0.008767268862911903
GAP_FOLLOW,2026-03-05,CW,SHORT,703.64,678.28,-0.013224508112808064,0.036041157410039215
GAP_FADE,2026-03-05,CW,LONG,703.64,678.28,-0.013224508112808064,-0.036041157410039215
OPENING_MOMENTUM,2026-03-05,D,LONG,62.82,62.96,0.009967845659163865,0.0022285896211398093
OPENING_REVERSAL,2026-03-05,D,SHORT,62.82,62.96,0.009967845659163865,-0.0022285896211398093
VWAP_MOMENTUM,2026-03-05,D,LONG,62.82,62.96,0.006112321490749695,0.0022285896211398093
OPENING_MOMENTUM,2026-03-05,DUK,SHORT,130.27,131.62,-0.009654857837919861,-0.010363092039610056
OPENING_REVERSAL,2026-03-05,DUK,LONG,130.27,131.62,-0.009654857837919861,0.010363092039610056
GAP_FOLLOW,2026-03-05,DVN,LONG,44.18,44.505,0.016216216216216273,0.007356269805341764
GAP_FADE,2026-03-05,DVN,SHORT,44.18,44.505,0.016216216216216273,-0.007356269805341764
OPENING_MOMENTUM,2026-03-05,ELV,LONG,293.91,286.37,0.017183200955199096,-0.025654111802932977
OPENING_REVERSAL,2026-03-05,ELV,SHORT,293.91,286.37,0.017183200955199096,0.025654111802932977
VWAP_MOMENTUM,2026-03-05,ELV,LONG,293.91,286.37,0.007966231478750307,-0.025654111802932977
GAP_FOLLOW,2026-03-05,EMR,SHORT,143.245,142.225,-0.013396239410427668,0.007120667388041513
GAP_FADE,2026-03-05,EMR,LONG,143.245,142.225,-0.013396239410427668,-0.007120667388041513
VWAP_MOMENTUM,2026-03-05,EMR,LONG,144.05,142.225,0.006062747722621387,-0.012669212079139291
OPENING_MOMENTUM,2026-03-05,ENPH,LONG,42.46,41.135,0.007952522255192829,-0.03120584079133304
OPENING_REVERSAL,2026-03-05,ENPH,SHORT,42.46,41.135,0.007952522255192829,0.03120584079133304
GAP_FOLLOW,2026-03-05,ENPH,SHORT,42.125,41.135,-0.013234949636917293,0.023501483679525315
GAP_FADE,2026-03-05,ENPH,LONG,42.125,41.135,-0.013234949636917293,-0.023501483679525315
VWAP_MOMENTUM,2026-03-05,ENPH,LONG,42.46,41.135,0.01215154328057877,-0.03120584079133304
OPENING_MOMENTUM,2026-03-05,EOG,LONG,129.99,131.01,0.007869742198100438,0.007846757442879992
OPENING_REVERSAL,2026-03-05,EOG,SHORT,129.99,131.01,0.007869742198100438,-0.007846757442879992
OPENING_MOMENTUM,2026-03-05,EQT,LONG,61.98,61.67,0.011257953989231462,-0.005001613423684992
OPENING_REVERSAL,2026-03-05,EQT,SHORT,61.98,61.67,0.011257953989231462,0.005001613423684992
OPENING_MOMENTUM,2026-03-05,ETN,LONG,355.58,354.62,0.014262079981744558,-0.0026998143877607905
OPENING_REVERSAL,2026-03-05,ETN,SHORT,355.58,354.62,0.014262079981744558,0.0026998143877607905
GAP_FOLLOW,2026-03-05,ETN,SHORT,350.58,354.62,-0.011211236620552567,-0.011523760625249624
GAP_FADE,2026-03-05,ETN,LONG,350.58,354.62,-0.011211236620552567,0.011523760625249624
VWAP_MOMENTUM,2026-03-05,ETN,LONG,355.58,354.62,0.007109843026212426,-0.0026998143877607905
OPENING_MOMENTUM,2026-03-05,EXC,SHORT,48.445,48.77,-0.009000715966042683,-0.006708638662400679
OPENING_REVERSAL,2026-03-05,EXC,LONG,48.445,48.77,-0.009000715966042683,0.006708638662400679
OPENING_MOMENTUM,2026-03-05,GE,SHORT,335.09,327.0,-0.0094886195684305,0.0241427676146706
OPENING_REVERSAL,2026-03-05,GE,LONG,335.09,327.0,-0.0094886195684305,-0.0241427676146706
GAP_FOLLOW,2026-03-05,HD,SHORT,365.4,361.6,-0.010399740006499902,0.010399562123699968
GAP_FADE,2026-03-05,HD,LONG,365.4,361.6,-0.010399740006499902,-0.010399562123699968
GAP_FOLLOW,2026-03-05,HUBB,SHORT,483.655,476.47,-0.01431686638950036,0.014855630563107902
GAP_FADE,2026-03-05,HUBB,LONG,483.655,476.47,-0.01431686638950036,-0.014855630563107902
OPENING_MOMENTUM,2026-03-05,IBM,LONG,254.35,256.67,0.01994987468671683,0.009121289561627721
OPENING_REVERSAL,2026-03-05,IBM,SHORT,254.35,256.67,0.01994987468671683,-0.009121289561627721
VWAP_MOMENTUM,2026-03-05,IBM,LONG,254.35,256.67,0.00600454958076746,0.009121289561627721
OPENING_MOMENTUM,2026-03-05,INTC,LONG,46.05,45.94,0.026298194784934337,-0.0023887079261671884
OPENING_REVERSAL,2026-03-05,INTC,SHORT,46.05,45.94,0.026298194784934337,0.0023887079261671884
GAP_FOLLOW,2026-03-05,INTC,SHORT,44.87,45.94,-0.015144863915715678,-0.023846668152440298
GAP_FADE,2026-03-05,INTC,LONG,44.87,45.94,-0.015144863915715678,0.023846668152440298
VWAP_MOMENTUM,2026-03-05,INTC,LONG,46.05,45.94,0.011148733756761509,-0.0023887079261671884
OPENING_MOMENTUM,2026-03-05,IREN,LONG,41.52,40.12,0.008501335924216757,-0.033718689788054035
OPENING_REVERSAL,2026-03-05,IREN,SHORT,41.52,40.12,0.008501335924216757,0.033718689788054035
GAP_FOLLOW,2026-03-05,IREN,SHORT,41.17,40.12,-0.060045662100456476,0.02550400777265005
GAP_FADE,2026-03-05,IREN,LONG,41.17,40.12,-0.060045662100456476,-0.02550400777265005
VWAP_MOMENTUM,2026-03-05,IREN,LONG,41.52,40.12,0.012038181433745354,-0.033718689788054035
OPENING_MOMENTUM,2026-03-05,ISRG,LONG,500.365,496.685,0.007601844580035877,-0.007354631119282917
OPENING_REVERSAL,2026-03-05,ISRG,SHORT,500.365,496.685,0.007601844580035877,0.007354631119282917
OPENING_MOMENTUM,2026-03-05,JNJ,SHORT,238.815,239.62,-0.01413887054161167,-0.003370810041245287
OPENING_REVERSAL,2026-03-05,JNJ,LONG,238.815,239.62,-0.01413887054161167,0.003370810041245287
GAP_FOLLOW,2026-03-05,JNJ,SHORT,242.24,239.62,-0.012313463263475377,0.010815719947159907
GAP_FADE,2026-03-05,JNJ,LONG,242.24,239.62,-0.012313463263475377,-0.010815719947159907
VWAP_MOMENTUM,2026-03-05,KMI,LONG,34.01,33.39,0.006194954789420004,-0.018229932372831437
GAP_FOLLOW,2026-03-05,LLY,SHORT,990.51,982.32,-0.013431341789550744,0.008268467759033116
GAP_FADE,2026-03-05,LLY,LONG,990.51,982.32,-0.013431341789550744,-0.008268467759033116
GAP_FOLLOW,2026-03-05,LOW,SHORT,255.5,254.66,-0.01225499671395991,0.0032876712328767654
GAP_FADE,2026-03-05,LOW,LONG,255.5,254.66,-0.01225499671395991,-0.0032876712328767654
OPENING_MOMENTUM,2026-03-05,LRCX,LONG,221.15,214.72,0.011989200567427805,-0.029075288265882904
OPENING_REVERSAL,2026-03-05,LRCX,SHORT,221.15,214.72,0.011989200567427805,0.029075288265882904
GAP_FOLLOW,2026-03-05,LRCX,SHORT,218.53,214.72,-0.0199129927792977,0.017434677161030532
GAP_FADE,2026-03-05,LRCX,LONG,218.53,214.72,-0.0199129927792977,-0.017434677161030532
VWAP_MOMENTUM,2026-03-05,MA,SHORT,519.13,524.55,-0.005793755402045853,-0.010440544757575054
OPENING_MOMENTUM,2026-03-05,MDT,SHORT,93.95,92.99,-0.008443271767810012,0.010218201170835606
OPENING_REVERSAL,2026-03-05,MDT,LONG,93.95,92.99,-0.008443271767810012,-0.010218201170835606
OPENING_MOMENTUM,2026-03-05,META,LONG,668.645,660.64,0.009229770727363196,-0.011971973169619177
OPENING_REVERSAL,2026-03-05,META,SHORT,668.645,660.64,0.009229770727363196,0.011971973169619177
VWAP_MOMENTUM,2026-03-05,META,LONG,668.645,660.64,0.005457236316111391,-0.011971973169619177
GAP_FOLLOW,2026-03-05,MPC,LONG,225.01,217.47,0.01920550799474552,-0.03350962179458683
GAP_FADE,2026-03-05,MPC,SHORT,225.01,217.47,0.01920550799474552,0.03350962179458683
OPENING_MOMENTUM,2026-03-05,MRK,SHORT,117.16,116.07,-0.01834939254294088,0.009303516558552438
OPENING_REVERSAL,2026-03-05,MRK,LONG,117.16,116.07,-0.01834939254294088,-0.009303516558552438
OPENING_MOMENTUM,2026-03-05,MS,LONG,166.8,162.53,0.007733204446592534,-0.025599520383693064
OPENING_REVERSAL,2026-03-05,MS,SHORT,166.8,162.53,0.007733204446592534,0.025599520383693064
GAP_FOLLOW,2026-03-05,MS,SHORT,165.52,162.53,-0.012056822251402588,0.018064282261962328
GAP_FADE,2026-03-05,MS,LONG,165.52,162.53,-0.012056822251402588,-0.018064282261962328
OPENING_MOMENTUM,2026-03-05,MSFT,LONG,410.9,410.66,0.015696452848844356,-0.0005840837186662506
OPENING_REVERSAL,2026-03-05,MSFT,SHORT,410.9,410.66,0.015696452848844356,0.0005840837186662506
VWAP_MOMENTUM,2026-03-05,MSFT,LONG,410.9,410.66,0.005227282011405876,-0.0005840837186662506
OPENING_MOMENTUM,2026-03-05,NEE,SHORT,91.16,91.11,-0.011333441787321763,0.0005484861781482886
OPENING_REVERSAL,2026-03-05,NEE,LONG,91.16,91.11,-0.011333441787321763,-0.0005484861781482886
OPENING_MOMENTUM,2026-03-05,NOC,SHORT,741.66,739.53,-0.0101301301301302,0.002871935927514002
OPENING_REVERSAL,2026-03-05,NOC,LONG,741.66,739.53,-0.0101301301301302,-0.002871935927514002
VWAP_MOMENTUM,2026-03-05,NOC,SHORT,741.66,739.53,-0.008473327223837313,0.002871935927514002
OPENING_MOMENTUM,2026-03-05,NOW,LONG,120.31,120.43,0.05299549253861979,0.0009974233230820584
OPENING_REVERSAL,2026-03-05,NOW,SHORT,120.31,120.43,0.05299549253861979,-0.0009974233230820584
VWAP_MOMENTUM,2026-03-05,NOW,LONG,120.31,120.43,0.013106853710106225,0.0009974233230820584
OPENING_MOMENTUM,2026-03-05,OKE,LONG,85.885,85.62,0.015549249142722044,-0.003085521336671171
OPENING_REVERSAL,2026-03-05,OKE,SHORT,85.885,85.62,0.015549249142722044,0.003085521336671171
VWAP_MOMENTUM,2026-03-05,OKE,LONG,85.885,85.62,0.007669397947533074,-0.003085521336671171
OPENING_MOMENTUM,2026-03-05,ORCL,LONG,156.76,154.785,0.021304319499641622,-0.012598877264608288
OPENING_REVERSAL,2026-03-05,ORCL,SHORT,156.76,154.785,0.021304319499641622,0.012598877264608288
VWAP_MOMENTUM,2026-03-05,ORCL,LONG,156.76,154.785,0.009089635834552245,-0.012598877264608288
OPENING_MOMENTUM,2026-03-05,PANW,LONG,163.24,163.08,0.028607435412728588,-0.000980151923548167
OPENING_REVERSAL,2026-03-05,PANW,SHORT,163.24,163.08,0.028607435412728588,0.000980151923548167
VWAP_MOMENTUM,2026-03-05,PANW,LONG,163.24,163.08,0.009518445954594057,-0.000980151923548167
OPENING_MOMENTUM,2026-03-05,PCG,SHORT,18.32,18.11,-0.01690367587872288,0.011462882096069937
OPENING_REVERSAL,2026-03-05,PCG,LONG,18.32,18.11,-0.01690367587872288,-0.011462882096069937
GAP_FOLLOW,2026-03-05,PCG,SHORT,18.635,18.11,-0.012453630100688895,0.0281727931312048
GAP_FADE,2026-03-05,PCG,LONG,18.635,18.11,-0.012453630100688895,-0.0281727931312048
OPENING_MOMENTUM,2026-03-05,PG,SHORT,155.04,153.86,-0.012075062924140623,0.007610939112487003
OPENING_REVERSAL,2026-03-05,PG,LONG,155.04,153.86,-0.012075062924140623,-0.007610939112487003
GAP_FOLLOW,2026-03-05,PM,SHORT,176.43,169.66,-0.014880370752952343,0.03837215892988721
GAP_FADE,2026-03-05,PM,LONG,176.43,169.66,-0.014880370752952343,-0.03837215892988721
GAP_FOLLOW,2026-03-05,PSX,LONG,167.92,166.465,0.01911755780785329,-0.008664840400190443
GAP_FADE,2026-03-05,PSX,SHORT,167.92,166.465,0.01911755780785329,0.008664840400190443
GAP_FOLLOW,2026-03-05,PWR,SHORT,560.38,549.11,-0.014092436531254915,0.02011135301045719
GAP_FADE,2026-03-05,PWR,LONG,560.38,549.11,-0.014092436531254915,-0.02011135301045719
VWAP_MOMENTUM,2026-03-05,PWR,LONG,561.51,549.11,0.006756332047084257,-0.022083311071930956
OPENING_MOMENTUM,2026-03-05,QCOM,LONG,139.2,137.05,0.009207569056767895,-0.015445402298850386
OPENING_REVERSAL,2026-03-05,QCOM,SHORT,139.2,137.05,0.009207569056767895,0.015445402298850386
GAP_FOLLOW,2026-03-05,QCOM,SHORT,137.93,137.05,-0.011183597390493905,0.006380047850358839
GAP_FADE,2026-03-05,QCOM,LONG,137.93,137.05,-0.011183597390493905,-0.006380047850358839
VWAP_MOMENTUM,2026-03-05,QCOM,LONG,139.2,137.05,0.007759369933738158,-0.015445402298850386
OPENING_MOMENTUM,2026-03-05,REGN,SHORT,770.545,765.14,-0.012223105322531125,0.007014515699926616
OPENING_REVERSAL,2026-03-05,REGN,LONG,770.545,765.14,-0.012223105322531125,-0.007014515699926616
GAP_FOLLOW,2026-03-05,RKLB,SHORT,70.92,70.0,-0.013492836277646414,0.012972363226170347
GAP_FADE,2026-03-05,RKLB,LONG,70.92,70.0,-0.013492836277646414,-0.012972363226170347
VWAP_MOMENTUM,2026-03-05,RKLB,LONG,71.29,70.0,0.007058049303239944,-0.018095104502735437
OPENING_MOMENTUM,2026-03-05,ROK,LONG,382.9,378.18,0.015138259232747364,-0.012326978323321969
OPENING_REVERSAL,2026-03-05,ROK,SHORT,382.9,378.18,0.015138259232747364,0.012326978323321969
GAP_FOLLOW,2026-03-05,ROK,SHORT,377.19,378.18,-0.015606649789910554,-0.002624671916010568
GAP_FADE,2026-03-05,ROK,LONG,377.19,378.18,-0.015606649789910554,0.002624671916010568
VWAP_MOMENTUM,2026-03-05,ROK,LONG,382.9,378.18,0.00899209916572774,-0.012326978323321969
OPENING_MOMENTUM,2026-03-05,RTX,SHORT,203.89,203.89,-0.021852287174074725,-0.0
OPENING_REVERSAL,2026-03-05,RTX,LONG,203.89,203.89,-0.021852287174074725,0.0
VWAP_MOMENTUM,2026-03-05,RTX,SHORT,203.89,203.89,-0.015370023693832002,-0.0
OPENING_MOMENTUM,2026-03-05,SCHW,LONG,96.34,95.37,0.008690189508951951,-0.010068507369732194
OPENING_REVERSAL,2026-03-05,SCHW,SHORT,96.34,95.37,0.008690189508951951,0.010068507369732194
OPENING_MOMENTUM,2026-03-05,SLB,SHORT,47.55,47.39,-0.008962067528136664,0.0033648790746582113
OPENING_REVERSAL,2026-03-05,SLB,LONG,47.55,47.39,-0.008962067528136664,-0.0033648790746582113
OPENING_MOMENTUM,2026-03-05,SNPS,LONG,441.0,442.33,0.029195547153959334,0.0030158730158729163
OPENING_REVERSAL,2026-03-05,SNPS,SHORT,441.0,442.33,0.029195547153959334,-0.0030158730158729163
VWAP_MOMENTUM,2026-03-05,SNPS,LONG,441.0,442.33,0.011644780272097588,0.0030158730158729163
OPENING_MOMENTUM,2026-03-05,SPGI,LONG,449.74,451.08,0.014687633959795221,0.0029794992662426356
OPENING_REVERSAL,2026-03-05,SPGI,SHORT,449.74,451.08,0.014687633959795221,-0.0029794992662426356
OPENING_MOMENTUM,2026-03-05,TDG,SHORT,1300.12,1294.3,-0.007867646497714653,0.004476509860628197
OPENING_REVERSAL,2026-03-05,TDG,LONG,1300.12,1294.3,-0.007867646497714653,-0.004476509860628197
OPENING_MOMENTUM,2026-03-05,TMO,LONG,511.975,518.88,0.01577302713159079,0.01348698666927084
OPENING_REVERSAL,2026-03-05,TMO,SHORT,511.975,518.88,0.01577302713159079,-0.01348698666927084
GAP_FOLLOW,2026-03-05,TMO,SHORT,504.025,518.88,-0.017801465429885366,-0.02947274440751957
GAP_FADE,2026-03-05,TMO,LONG,504.025,518.88,-0.017801465429885366,0.02947274440751957
VWAP_MOMENTUM,2026-03-05,TMO,LONG,511.975,518.88,0.007745690514853409,0.01348698666927084
OPENING_MOMENTUM,2026-03-05,TSLA,LONG,406.58,405.59,0.012476031576063917,-0.0024349451522456267
OPENING_REVERSAL,2026-03-05,TSLA,SHORT,406.58,405.59,0.012476031576063917,0.0024349451522456267
GAP_FOLLOW,2026-03-05,TSLA,SHORT,401.57,405.59,-0.010813873288008646,-0.01001070797121284
GAP_FADE,2026-03-05,TSLA,LONG,401.57,405.59,-0.010813873288008646,0.01001070797121284
VWAP_MOMENTUM,2026-03-05,TSLA,LONG,406.58,405.59,0.005399948365937046,-0.0024349451522456267
OPENING_MOMENTUM,2026-03-05,UBER,LONG,77.4,75.425,0.010575793184488758,-0.025516795865633157
OPENING_REVERSAL,2026-03-05,UBER,SHORT,77.4,75.425,0.010575793184488758,0.025516795865633157
GAP_FOLLOW,2026-03-05,VLO,LONG,231.38,228.01,0.02552965162662879,-0.014564785201832464
GAP_FADE,2026-03-05,VLO,SHORT,231.38,228.01,0.02552965162662879,0.014564785201832464
OPENING_MOMENTUM,2026-03-05,VRT,LONG,256.91,249.66,0.03953224892773344,-0.02821999922151741
OPENING_REVERSAL,2026-03-05,VRT,SHORT,256.91,249.66,0.03953224892773344,0.02821999922151741
GAP_FOLLOW,2026-03-05,VRT,SHORT,247.14,249.66,-0.01639735731911174,-0.010196649672250535
GAP_FADE,2026-03-05,VRT,LONG,247.14,249.66,-0.01639735731911174,0.010196649672250535
VWAP_MOMENTUM,2026-03-05,VRT,LONG,256.91,249.66,0.02367616021365304,-0.02821999922151741
OPENING_MOMENTUM,2026-03-05,VST,LONG,165.95,167.4,0.022772795907676224,0.008737571557698276
OPENING_REVERSAL,2026-03-05,VST,SHORT,165.95,167.4,0.022772795907676224,-0.008737571557698276
VWAP_MOMENTUM,2026-03-05,VST,LONG,165.95,167.4,0.006526055117738849,0.008737571557698276
GAP_FOLLOW,2026-03-05,WMB,SHORT,74.98,74.75,-0.010295670538542745,0.0030674846625767804
GAP_FADE,2026-03-05,WMB,LONG,74.98,74.75,-0.010295670538542745,-0.0030674846625767804
GAP_FOLLOW,2026-03-05,WMT,SHORT,125.38,123.32,-0.018321327904791795,0.016430052639974546
GAP_FADE,2026-03-05,WMT,LONG,125.38,123.32,-0.018321327904791795,-0.016430052639974546
GAP_FOLLOW,2026-03-05,XOM,LONG,151.39,150.76,0.010142123173416895,-0.004161437347248831
GAP_FADE,2026-03-05,XOM,SHORT,151.39,150.76,0.010142123173416895,0.004161437347248831
OPENING_MOMENTUM,2026-03-06,AAPL,SHORT,255.935,257.42,-0.01091745246560516,-0.0058022544786762165
OPENING_REVERSAL,2026-03-06,AAPL,LONG,255.935,257.42,-0.01091745246560516,0.0058022544786762165
OPENING_MOMENTUM,2026-03-06,ABBV,SHORT,227.27,230.065,-0.01842054117088121,-0.012298147577770813
OPENING_REVERSAL,2026-03-06,ABBV,LONG,227.27,230.065,-0.01842054117088121,0.012298147577770813
VWAP_MOMENTUM,2026-03-06,ABBV,SHORT,227.27,230.065,-0.005865368695972761,-0.012298147577770813
OPENING_MOMENTUM,2026-03-06,ABT,SHORT,108.71,108.995,-0.01815390173410414,-0.0026216539416799023
OPENING_REVERSAL,2026-03-06,ABT,LONG,108.71,108.995,-0.01815390173410414,0.0026216539416799023
OPENING_MOMENTUM,2026-03-06,ADBE,SHORT,277.23,283.63,-0.011481547512925516,-0.023085524654618883
OPENING_REVERSAL,2026-03-06,ADBE,LONG,277.23,283.63,-0.011481547512925516,0.023085524654618883
VWAP_MOMENTUM,2026-03-06,ADBE,SHORT,277.23,283.63,-0.009516465911314054,-0.023085524654618883
GAP_FOLLOW,2026-03-06,ADI,SHORT,320.35,315.74,-0.028403318017075185,0.014390510379272747
GAP_FADE,2026-03-06,ADI,LONG,320.35,315.74,-0.028403318017075185,-0.014390510379272747
GAP_FOLLOW,2026-03-06,AEP,SHORT,130.44,131.87,-0.011967883653991929,-0.010962894817540647
GAP_FADE,2026-03-06,AEP,LONG,130.44,131.87,-0.011967883653991929,0.010962894817540647
OPENING_MOMENTUM,2026-03-06,AMAT,LONG,335.0,324.71,0.016630250060694296,-0.03071641791044777
OPENING_REVERSAL,2026-03-06,AMAT,SHORT,335.0,324.71,0.016630250060694296,0.03071641791044777
GAP_FOLLOW,2026-03-06,AMAT,SHORT,329.52,324.71,-0.04866113316492249,0.014596989560572982
GAP_FADE,2026-03-06,AMAT,LONG,329.52,324.71,-0.04866113316492249,-0.014596989560572982
VWAP_MOMENTUM,2026-03-06,AMAT,LONG,335.0,324.71,0.006383557240829507,-0.03071641791044777
OPENING_MOMENTUM,2026-03-06,AMD,LONG,196.75,192.42,0.008819156027277897,-0.022007623888183003
OPENING_REVERSAL,2026-03-06,AMD,SHORT,196.75,192.42,0.008819156027277897,0.022007623888183003
GAP_FOLLOW,2026-03-06,AMD,SHORT,195.03,192.42,-0.022062879205736352,0.013382556529764722
GAP_FADE,2026-03-06,AMD,LONG,195.03,192.42,-0.022062879205736352,-0.013382556529764722
GAP_FOLLOW,2026-03-06,AMGN,SHORT,363.565,369.48,-0.010868973772989454,-0.016269442878164897
GAP_FADE,2026-03-06,AMGN,LONG,363.565,369.48,-0.010868973772989454,0.016269442878164897
GAP_FOLLOW,2026-03-06,AMZN,SHORT,215.105,213.08,-0.017201992050075443,0.009414007112805267
GAP_FADE,2026-03-06,AMZN,LONG,215.105,213.08,-0.017201992050075443,-0.009414007112805267
VWAP_MOMENTUM,2026-03-06,AMZN,SHORT,214.56,213.08,-0.005066119638690525,0.0068978374347501425
OPENING_MOMENTUM,2026-03-06,AVGO,LONG,334.57,330.48,0.01947102200012174,-0.012224646561257657
OPENING_REVERSAL,2026-03-06,AVGO,SHORT,334.57,330.48,0.01947102200012174,0.012224646561257657
GAP_FOLLOW,2026-03-06,AVGO,SHORT,328.18,330.48,-0.01352651196344834,-0.007008349076726317
GAP_FADE,2026-03-06,AVGO,LONG,328.18,330.48,-0.01352651196344834,0.007008349076726317
VWAP_MOMENTUM,2026-03-06,AVGO,LONG,334.57,330.48,0.0053167694964613155,-0.012224646561257657
OPENING_MOMENTUM,2026-03-06,BA,LONG,221.1,231.06,0.010742857142857165,0.04504748982360929
OPENING_REVERSAL,2026-03-06,BA,SHORT,221.1,231.06,0.010742857142857165,-0.04504748982360929
GAP_FOLLOW,2026-03-06,BA,SHORT,218.75,231.06,-0.015038948174163624,-0.05627428571428572
GAP_FADE,2026-03-06,BA,LONG,218.75,231.06,-0.015038948174163624,0.05627428571428572
OPENING_MOMENTUM,2026-03-06,BAC,SHORT,47.75,48.61,-0.016477857878475777,-0.018010471204188416
OPENING_REVERSAL,2026-03-06,BAC,LONG,47.75,48.61,-0.016477857878475777,0.018010471204188416
GAP_FOLLOW,2026-03-06,BAC,SHORT,48.55,48.61,-0.024708718360787585,-0.0012358393408857804
GAP_FADE,2026-03-06,BAC,LONG,48.55,48.61,-0.024708718360787585,0.0012358393408857804
GAP_FOLLOW,2026-03-06,BKNG,SHORT,4518.0,4552.29,-0.020912341532126955,-0.007589641434262884
GAP_FADE,2026-03-06,BKNG,LONG,4518.0,4552.29,-0.020912341532126955,0.007589641434262884
OPENING_MOMENTUM,2026-03-06,BLK,SHORT,968.58,955.3,-0.024081089795260358,0.013710793119825038
OPENING_REVERSAL,2026-03-06,BLK,LONG,968.58,955.3,-0.024081089795260358,-0.013710793119825038
GAP_FOLLOW,2026-03-06,BLK,SHORT,992.48,955.3,-0.04030324127794549,0.03746171207480253
GAP_FADE,2026-03-06,BLK,LONG,992.48,955.3,-0.04030324127794549,-0.03746171207480253
VWAP_MOMENTUM,2026-03-06,BLK,SHORT,968.58,955.3,-0.006403038511527681,0.013710793119825038
OPENING_MOMENTUM,2026-03-06,BRK.B,SHORT,493.52,498.95,-0.01125936610970868,-0.011002593613227418
OPENING_REVERSAL,2026-03-06,BRK.B,LONG,493.52,498.95,-0.01125936610970868,0.011002593613227418
VWAP_MOMENTUM,2026-03-06,BRK.B,SHORT,493.52,498.95,-0.007017433547494734,-0.011002593613227418
OPENING_MOMENTUM,2026-03-06,CARR,SHORT,57.99,58.345,-0.018615671010323243,-0.006121745128470302
OPENING_REVERSAL,2026-03-06,CARR,LONG,57.99,58.345,-0.018615671010323243,0.006121745128470302
GAP_FOLLOW,2026-03-06,CARR,SHORT,59.09,58.345,-0.021607748985843167,0.012607886275173508
GAP_FADE,2026-03-06,CARR,LONG,59.09,58.345,-0.021607748985843167,-0.012607886275173508
GAP_FOLLOW,2026-03-06,CAT,SHORT,681.73,680.51,-0.0342810193645261,0.001789564783712061
GAP_FADE,2026-03-06,CAT,LONG,681.73,680.51,-0.0342810193645261,-0.001789564783712061
OPENING_MOMENTUM,2026-03-06,CDNS,LONG,298.775,296.97,0.012179009417982112,-0.0060413354531000385
OPENING_REVERSAL,2026-03-06,CDNS,SHORT,298.775,296.97,0.012179009417982112,0.0060413354531000385
GAP_FOLLOW,2026-03-06,CDNS,SHORT,295.18,296.97,-0.01547595223800946,-0.006064096483501702
GAP_FADE,2026-03-06,CDNS,LONG,295.18,296.97,-0.01547595223800946,0.006064096483501702
VWAP_MOMENTUM,2026-03-06,CDNS,LONG,298.775,296.97,0.005397811797557495,-0.0060413354531000385
GAP_FOLLOW,2026-03-06,CEG,SHORT,326.8,319.06,-0.016314490397929093,0.023684210526315863
GAP_FADE,2026-03-06,CEG,LONG,326.8,319.06,-0.016314490397929093,-0.023684210526315863
OPENING_MOMENTUM,2026-03-06,CI,SHORT,270.295,271.67,-0.03476413241438403,-0.005087034536339852
OPENING_REVERSAL,2026-03-06,CI,LONG,270.295,271.67,-0.03476413241438403,0.005087034536339852
VWAP_MOMENTUM,2026-03-06,CI,SHORT,270.295,271.67,-0.014272125639561817,-0.005087034536339852
GAP_FOLLOW,2026-03-06,COP,LONG,118.65,117.06,0.015534728463217462,-0.013400758533501977
GAP_FADE,2026-03-06,COP,SHORT,118.65,117.06,0.015534728463217462,0.013400758533501977
OPENING_MOMENTUM,2026-03-06,COST,LONG,987.69,998.31,0.021390789085888873,0.010752361570938174
OPENING_REVERSAL,2026-03-06,COST,SHORT,987.69,998.31,0.021390789085888873,-0.010752361570938174
GAP_FOLLOW,2026-03-06,COST,SHORT,967.005,998.31,-0.015034147682999488,-0.03237315215536629
GAP_FADE,2026-03-06,COST,LONG,967.005,998.31,-0.015034147682999488,0.03237315215536629
VWAP_MOMENTUM,2026-03-06,COST,LONG,987.69,998.31,0.008338107317965804,0.010752361570938174
OPENING_MOMENTUM,2026-03-06,CRM,SHORT,197.64,202.085,-0.019910242741315698,-0.02249038656142499
OPENING_REVERSAL,2026-03-06,CRM,LONG,197.64,202.085,-0.019910242741315698,0.02249038656142499
VWAP_MOMENTUM,2026-03-06,CRM,SHORT,197.64,202.085,-0.0099491282246581,-0.02249038656142499
GAP_FOLLOW,2026-03-06,CSCO,SHORT,78.745,78.64,-0.015502906795023974,0.0013334179947933622
GAP_FADE,2026-03-06,CSCO,LONG,78.745,78.64,-0.015502906795023974,-0.0013334179947933622
OPENING_MOMENTUM,2026-03-06,CVX,SHORT,188.775,189.88,-0.010301981755268974,-0.005853529333863072
OPENING_REVERSAL,2026-03-06,CVX,LONG,188.775,189.88,-0.010301981755268974,0.005853529333863072
VWAP_MOMENTUM,2026-03-06,CVX,SHORT,188.775,189.88,-0.008287476993726672,-0.005853529333863072
OPENING_MOMENTUM,2026-03-06,CW,LONG,677.11,681.305,0.013895751912911924,0.006195448302343642
OPENING_REVERSAL,2026-03-06,CW,SHORT,677.11,681.305,0.013895751912911924,-0.006195448302343642
GAP_FOLLOW,2026-03-06,CW,SHORT,667.83,681.305,-0.01540661673645094,-0.02017729062785434
GAP_FADE,2026-03-06,CW,LONG,667.83,681.305,-0.01540661673645094,0.02017729062785434
VWAP_MOMENTUM,2026-03-06,CW,LONG,677.11,681.305,0.008870051983702165,0.006195448302343642
VWAP_MOMENTUM,2026-03-06,DE,SHORT,580.74,589.755,-0.008343304119441175,-0.015523297861349317
OPENING_MOMENTUM,2026-03-06,DHR,SHORT,197.38,195.73,-0.007716863987130118,0.008359509575438295
OPENING_REVERSAL,2026-03-06,DHR,LONG,197.38,195.73,-0.007716863987130118,-0.008359509575438295
GAP_FOLLOW,2026-03-06,DHR,SHORT,198.915,195.73,-0.014882131537242493,0.016011864364175676
GAP_FADE,2026-03-06,DHR,LONG,198.915,195.73,-0.014882131537242493,-0.016011864364175676
OPENING_MOMENTUM,2026-03-06,DIS,SHORT,100.11,101.54,-0.01262451918335139,-0.014284287283987673
OPENING_REVERSAL,2026-03-06,DIS,LONG,100.11,101.54,-0.01262451918335139,0.014284287283987673
OPENING_MOMENTUM,2026-03-06,DVN,SHORT,44.555,44.47,-0.01241272304111718,0.0019077544607788433
OPENING_REVERSAL,2026-03-06,DVN,LONG,44.555,44.47,-0.01241272304111718,-0.0019077544607788433
GAP_FOLLOW,2026-03-06,DVN,LONG,45.115,44.47,0.013706325132007535,-0.014296797074143885
GAP_FADE,2026-03-06,DVN,SHORT,45.115,44.47,0.013706325132007535,0.014296797074143885
VWAP_MOMENTUM,2026-03-06,DVN,SHORT,44.555,44.47,-0.006401031273412072,0.0019077544607788433
OPENING_MOMENTUM,2026-03-06,ELV,SHORT,282.25,289.65,-0.0150404801786711,-0.026217891939769533
OPENING_REVERSAL,2026-03-06,ELV,LONG,282.25,289.65,-0.0150404801786711,0.026217891939769533
VWAP_MOMENTUM,2026-03-06,ELV,SHORT,282.25,289.65,-0.00629944034507135,-0.026217891939769533
GAP_FOLLOW,2026-03-06,EMR,SHORT,139.15,138.38,-0.021620671471260233,0.005533596837944743
GAP_FADE,2026-03-06,EMR,LONG,139.15,138.38,-0.021620671471260233,-0.005533596837944743
OPENING_MOMENTUM,2026-03-06,ENPH,SHORT,39.76,40.24,-0.007736461192912492,-0.012072434607645954
OPENING_REVERSAL,2026-03-06,ENPH,LONG,39.76,40.24,-0.007736461192912492,0.012072434607645954
GAP_FOLLOW,2026-03-06,ENPH,SHORT,40.07,40.24,-0.025890361006442153,-0.004242575492887424
GAP_FADE,2026-03-06,ENPH,LONG,40.07,40.24,-0.025890361006442153,0.004242575492887424
GAP_FOLLOW,2026-03-06,EOG,LONG,132.5,131.49,0.011373177620028985,-0.007622641509433925
GAP_FADE,2026-03-06,EOG,SHORT,132.5,131.49,0.011373177620028985,0.007622641509433925
VWAP_MOMENTUM,2026-03-06,EOG,SHORT,131.99,131.49,-0.005327016400840989,0.0037881657701340776
VWAP_MOMENTUM,2026-03-06,EQT,SHORT,62.07,61.99,-0.006370639570754455,0.0012888674077653484
OPENING_MOMENTUM,2026-03-06,ETN,SHORT,342.77,347.78,-0.009850366861170579,-0.014616214954634277
OPENING_REVERSAL,2026-03-06,ETN,LONG,342.77,347.78,-0.009850366861170579,0.014616214954634277
GAP_FOLLOW,2026-03-06,ETN,SHORT,346.18,347.78,-0.023800124076476248,-0.004621873014038824
GAP_FADE,2026-03-06,ETN,LONG,346.18,347.78,-0.023800124076476248,0.004621873014038824
OPENING_MOMENTUM,2026-03-06,FANG,SHORT,180.16,180.52,-0.008420936760416109,-0.001998223801065846
OPENING_REVERSAL,2026-03-06,FANG,LONG,180.16,180.52,-0.008420936760416109,0.001998223801065846
GAP_FOLLOW,2026-03-06,FANG,LONG,181.69,180.52,0.015198077890149264,-0.006439539875612188
GAP_FADE,2026-03-06,FANG,SHORT,181.69,180.52,0.015198077890149264,0.006439539875612188
OPENING_MOMENTUM,2026-03-06,GD,SHORT,354.8,363.42,-0.01691580886936994,-0.024295377677564733
OPENING_REVERSAL,2026-03-06,GD,LONG,354.8,363.42,-0.01691580886936994,0.024295377677564733
VWAP_MOMENTUM,2026-03-06,GD,SHORT,354.8,363.42,-0.008358142060546081,-0.024295377677564733
OPENING_MOMENTUM,2026-03-06,GE,SHORT,318.58,323.155,-0.01572589365711996,-0.01436060016322438
OPENING_REVERSAL,2026-03-06,GE,LONG,318.58,323.155,-0.01572589365711996,0.01436060016322438
GAP_FOLLOW,2026-03-06,GE,SHORT,323.67,323.155,-0.010183486238532047,0.0015911267649150185
GAP_FADE,2026-03-06,GE,LONG,323.67,323.155,-0.010183486238532047,-0.0015911267649150185
OPENING_MOMENTUM,2026-03-06,GOOG,LONG,298.46,298.225,0.009709394769782387,-0.0007873751926554817
OPENING_REVERSAL,2026-03-06,GOOG,SHORT,298.46,298.225,0.009709394769782387,0.0007873751926554817
GAP_FOLLOW,2026-03-06,GOOG,SHORT,295.59,298.225,-0.017744990529359073,-0.00891437464054956
GAP_FADE,2026-03-06,GOOG,LONG,295.59,298.225,-0.017744990529359073,0.00891437464054956
VWAP_MOMENTUM,2026-03-06,GOOG,LONG,298.46,298.225,0.005060528930563635,-0.0007873751926554817
OPENING_MOMENTUM,2026-03-06,GOOGL,LONG,298.45,298.55,0.008140791784893908,0.0003350644999162711
OPENING_REVERSAL,2026-03-06,GOOGL,SHORT,298.45,298.55,0.008140791784893908,-0.0003350644999162711
GAP_FOLLOW,2026-03-06,GOOGL,SHORT,296.04,298.55,-0.01618424113522321,-0.008478583975138454
GAP_FADE,2026-03-06,GOOGL,LONG,296.04,298.55,-0.01618424113522321,0.008478583975138454
VWAP_MOMENTUM,2026-03-06,GOOGL,LONG,298.45,298.55,0.005151786905954303,0.0003350644999162711
GAP_FOLLOW,2026-03-06,GS,SHORT,811.545,820.84,-0.028438884233209616,-0.011453462223290245
GAP_FADE,2026-03-06,GS,LONG,811.545,820.84,-0.028438884233209616,0.011453462223290245
OPENING_MOMENTUM,2026-03-06,HAL,SHORT,33.84,34.05,-0.01784936874183707,-0.00620567375886516
OPENING_REVERSAL,2026-03-06,HAL,LONG,33.84,34.05,-0.01784936874183707,0.00620567375886516
VWAP_MOMENTUM,2026-03-06,HAL,SHORT,33.84,34.05,-0.007666296731267175,-0.00620567375886516
GAP_FOLLOW,2026-03-06,HD,SHORT,357.31,357.98,-0.011863938053097378,-0.0018751224426969415
GAP_FADE,2026-03-06,HD,LONG,357.31,357.98,-0.011863938053097378,0.0018751224426969415
GAP_FOLLOW,2026-03-06,HON,SHORT,235.38,235.29,-0.012377795493643373,0.000382360438439977
GAP_FADE,2026-03-06,HON,LONG,235.38,235.29,-0.012377795493643373,-0.000382360438439977
GAP_FOLLOW,2026-03-06,HUBB,SHORT,463.08,471.83,-0.0281025038302517,-0.018895223287552998
GAP_FADE,2026-03-06,HUBB,LONG,463.08,471.83,-0.0281025038302517,0.018895223287552998
VWAP_MOMENTUM,2026-03-06,HUBB,LONG,466.48,471.83,0.006647088222002662,0.011468873263591028
GAP_FOLLOW,2026-03-06,HWM,SHORT,248.95,250.33,-0.012730012690355341,-0.005543281783490839
GAP_FADE,2026-03-06,HWM,LONG,248.95,250.33,-0.012730012690355341,0.005543281783490839
GAP_FOLLOW,2026-03-06,INTC,SHORT,44.685,43.43,-0.027318241184153158,0.02808548729998883
GAP_FADE,2026-03-06,INTC,LONG,44.685,43.43,-0.027318241184153158,-0.02808548729998883
OPENING_MOMENTUM,2026-03-06,IREN,SHORT,38.53,36.7,-0.010783055198973046,0.04749545808460931
OPENING_REVERSAL,2026-03-06,IREN,LONG,38.53,36.7,-0.010783055198973046,-0.04749545808460931
GAP_FOLLOW,2026-03-06,IREN,SHORT,38.95,36.7,-0.029162512462612034,0.05776636713735561
GAP_FADE,2026-03-06,IREN,LONG,38.95,36.7,-0.029162512462612034,-0.05776636713735561
OPENING_MOMENTUM,2026-03-06,ISRG,SHORT,478.68,490.2,-0.022533514391023246,-0.024066182000501257
OPENING_REVERSAL,2026-03-06,ISRG,LONG,478.68,490.2,-0.022533514391023246,0.024066182000501257
GAP_FOLLOW,2026-03-06,ISRG,SHORT,489.715,490.2,-0.014033039048894191,-0.000990371951032687
GAP_FADE,2026-03-06,ISRG,LONG,489.715,490.2,-0.014033039048894191,0.000990371951032687
VWAP_MOMENTUM,2026-03-06,ISRG,SHORT,478.68,490.2,-0.01048189931954635,-0.024066182000501257
OPENING_MOMENTUM,2026-03-06,JCI,SHORT,133.09,132.4,-0.013636700511376332,0.005184461642497529
OPENING_REVERSAL,2026-03-06,JCI,LONG,133.09,132.4,-0.013636700511376332,-0.005184461642497529
GAP_FOLLOW,2026-03-06,JCI,SHORT,134.93,132.4,-0.015827862873814658,0.01875046320314233
GAP_FADE,2026-03-06,JCI,LONG,134.93,132.4,-0.015827862873814658,-0.01875046320314233
OPENING_MOMENTUM,2026-03-06,JNJ,SHORT,236.29,240.48,-0.009100058710056258,-0.017732447416310526
OPENING_REVERSAL,2026-03-06,JNJ,LONG,236.29,240.48,-0.009100058710056258,0.017732447416310526
GAP_FOLLOW,2026-03-06,JPM,SHORT,285.9,289.39,-0.02576160294418317,-0.012207065407485063
GAP_FADE,2026-03-06,JPM,LONG,285.9,289.39,-0.02576160294418317,0.012207065407485063
OPENING_MOMENTUM,2026-03-06,LHX,SHORT,355.925,366.57,-0.01489046650336967,-0.029907986233054684
OPENING_REVERSAL,2026-03-06,LHX,LONG,355.925,366.57,-0.01489046650336967,0.029907986233054684
VWAP_MOMENTUM,2026-03-06,LHX,SHORT,355.925,366.57,-0.014274773583820344,-0.029907986233054684
OPENING_MOMENTUM,2026-03-06,LIN,SHORT,481.49,484.86,-0.012996330688969437,-0.006999106938877286
OPENING_REVERSAL,2026-03-06,LIN,LONG,481.49,484.86,-0.012996330688969437,0.006999106938877286
GAP_FOLLOW,2026-03-06,LOW,SHORT,250.29,251.94,-0.01716013508207026,-0.006592352870669949
GAP_FADE,2026-03-06,LOW,LONG,250.29,251.94,-0.01716013508207026,0.006592352870669949
OPENING_MOMENTUM,2026-03-06,LRCX,LONG,207.79,199.25,0.010946774350491406,-0.04109918667885848
OPENING_REVERSAL,2026-03-06,LRCX,SHORT,207.79,199.25,0.010946774350491406,0.04109918667885848
GAP_FOLLOW,2026-03-06,LRCX,SHORT,205.54,199.25,-0.04275335320417295,0.030602315850929207
GAP_FADE,2026-03-06,LRCX,LONG,205.54,199.25,-0.04275335320417295,-0.030602315850929207
OPENING_MOMENTUM,2026-03-06,MA,SHORT,515.13,522.22,-0.009327281818531485,-0.013763516005668608
OPENING_REVERSAL,2026-03-06,MA,LONG,515.13,522.22,-0.009327281818531485,0.013763516005668608
OPENING_MOMENTUM,2026-03-06,MCD,SHORT,323.33,328.06,-0.0075813382443217225,-0.014629016793987537
OPENING_REVERSAL,2026-03-06,MCD,LONG,323.33,328.06,-0.0075813382443217225,0.014629016793987537
OPENING_MOMENTUM,2026-03-06,MDT,SHORT,90.54,90.85,-0.022034996759559222,-0.0034239010382151047
OPENING_REVERSAL,2026-03-06,MDT,LONG,90.54,90.85,-0.022034996759559222,0.0034239010382151047
VWAP_MOMENTUM,2026-03-06,MDT,SHORT,90.54,90.85,-0.0071770663570732696,-0.0034239010382151047
OPENING_MOMENTUM,2026-03-06,META,SHORT,640.31,644.8,-0.011562210558814456,-0.007012228451843683
OPENING_REVERSAL,2026-03-06,META,LONG,640.31,644.8,-0.011562210558814456,0.007012228451843683
GAP_FOLLOW,2026-03-06,META,SHORT,647.8,644.8,-0.019435698716396277,0.004631058968817547
GAP_FADE,2026-03-06,META,LONG,647.8,644.8,-0.019435698716396277,-0.004631058968817547
OPENING_MOMENTUM,2026-03-06,MPC,SHORT,214.71,221.28,-0.014549293188911294,-0.03059941316193937
OPENING_REVERSAL,2026-03-06,MPC,LONG,214.71,221.28,-0.014549293188911294,0.03059941316193937
VWAP_MOMENTUM,2026-03-06,MPC,SHORT,214.71,221.28,-0.01179235418943514,-0.03059941316193937
GAP_FOLLOW,2026-03-06,MRK,SHORT,114.88,115.81,-0.01025243387610919,-0.00809540389972141
GAP_FADE,2026-03-06,MRK,LONG,114.88,115.81,-0.01025243387610919,0.00809540389972141
GAP_FOLLOW,2026-03-06,MS,SHORT,157.95,160.22,-0.028179413031440448,-0.014371636593858872
GAP_FADE,2026-03-06,MS,LONG,157.95,160.22,-0.028179413031440448,0.014371636593858872
OPENING_MOMENTUM,2026-03-06,MU,LONG,388.56,370.375,0.020498745912726157,-0.0468010088532016
OPENING_REVERSAL,2026-03-06,MU,SHORT,388.56,370.375,0.020498745912726157,0.0468010088532016
GAP_FOLLOW,2026-03-06,MU,SHORT,380.755,370.375,-0.04078650694680619,0.027261624929416528
GAP_FADE,2026-03-06,MU,LONG,380.755,370.375,-0.04078650694680619,-0.027261624929416528
VWAP_MOMENTUM,2026-03-06,MU,LONG,388.56,370.375,0.017508038424344452,-0.0468010088532016
OPENING_MOMENTUM,2026-03-06,NFLX,SHORT,98.2,99.01,-0.011923328470091032,-0.008248472505091753
OPENING_REVERSAL,2026-03-06,NFLX,LONG,98.2,99.01,-0.011923328470091032,0.008248472505091753
VWAP_MOMENTUM,2026-03-06,NFLX,SHORT,98.2,99.01,-0.006981788524497157,-0.008248472505091753
VWAP_MOMENTUM,2026-03-06,NOC,SHORT,741.24,756.33,-0.005608711853876458,-0.020357778857050368
OPENING_MOMENTUM,2026-03-06,NOW,LONG,122.12,124.35,0.01193238316208145,0.01826072715361926
OPENING_REVERSAL,2026-03-06,NOW,SHORT,122.12,124.35,0.01193238316208145,-0.01826072715361926
OPENING_MOMENTUM,2026-03-06,NVDA,LONG,181.865,177.7,0.011035134534133961,-0.022901602837269497
OPENING_REVERSAL,2026-03-06,NVDA,SHORT,181.865,177.7,0.011035134534133961,0.022901602837269497
GAP_FOLLOW,2026-03-06,NVDA,SHORT,179.88,177.7,-0.018684705818171943,0.012119190571492133
GAP_FADE,2026-03-06,NVDA,LONG,179.88,177.7,-0.018684705818171943,-0.012119190571492133
OPENING_MOMENTUM,2026-03-06,OKE,SHORT,85.36,86.945,-0.008594657375145087,-0.018568416119962405
OPENING_REVERSAL,2026-03-06,OKE,LONG,85.36,86.945,-0.008594657375145087,0.018568416119962405
GAP_FOLLOW,2026-03-06,ORCL,SHORT,152.695,152.99,-0.013502600381173901,-0.0019319558597203912
GAP_FADE,2026-03-06,ORCL,LONG,152.695,152.99,-0.013502600381173901,0.0019319558597203912
OPENING_MOMENTUM,2026-03-06,OXY,SHORT,53.65,54.185,-0.010421470072858208,-0.009972041006523824
OPENING_REVERSAL,2026-03-06,OXY,LONG,53.65,54.185,-0.010421470072858208,0.009972041006523824
GAP_FOLLOW,2026-03-06,OXY,LONG,54.215,54.185,0.01831329827197603,-0.0005533523932491624
GAP_FADE,2026-03-06,OXY,SHORT,54.215,54.185,0.01831329827197603,0.0005533523932491624
VWAP_MOMENTUM,2026-03-06,OXY,SHORT,53.65,54.185,-0.015039891048243992,-0.009972041006523824
GAP_FOLLOW,2026-03-06,PEG,SHORT,82.965,83.33,-0.011026344021933476,-0.004399445549327918
GAP_FADE,2026-03-06,PEG,LONG,82.965,83.33,-0.011026344021933476,0.004399445549327918
OPENING_MOMENTUM,2026-03-06,PEP,SHORT,156.98,159.46,-0.008902077151335286,-0.015798190852337912
OPENING_REVERSAL,2026-03-06,PEP,LONG,156.98,159.46,-0.008902077151335286,0.015798190852337912
GAP_FOLLOW,2026-03-06,PEP,SHORT,158.39,159.46,-0.014435940513969348,-0.006755476987183595
GAP_FADE,2026-03-06,PEP,LONG,158.39,159.46,-0.014435940513969348,0.006755476987183595
OPENING_MOMENTUM,2026-03-06,PLD,SHORT,133.185,134.55,-0.014539400665926738,-0.01024890190336758
OPENING_REVERSAL,2026-03-06,PLD,LONG,133.185,134.55,-0.014539400665926738,0.01024890190336758
GAP_FOLLOW,2026-03-06,PLD,SHORT,135.15,134.55,-0.019586507072905213,0.004439511653718031
GAP_FADE,2026-03-06,PLD,LONG,135.15,134.55,-0.019586507072905213,-0.004439511653718031
VWAP_MOMENTUM,2026-03-06,PLD,SHORT,133.185,134.55,-0.006301184026493822,-0.01024890190336758
OPENING_MOMENTUM,2026-03-06,PSX,SHORT,163.99,166.01,-0.01448317307692304,-0.012317824257576548
OPENING_REVERSAL,2026-03-06,PSX,LONG,163.99,166.01,-0.01448317307692304,0.012317824257576548
VWAP_MOMENTUM,2026-03-06,PSX,SHORT,163.99,166.01,-0.006579911602202837,-0.012317824257576548
OPENING_MOMENTUM,2026-03-06,PWR,LONG,538.61,540.35,0.01082876660911336,0.003230537865988481
OPENING_REVERSAL,2026-03-06,PWR,SHORT,538.61,540.35,0.01082876660911336,-0.003230537865988481
GAP_FOLLOW,2026-03-06,PWR,SHORT,532.84,540.35,-0.029629764528054436,-0.014094287215674406
GAP_FADE,2026-03-06,PWR,LONG,532.84,540.35,-0.029629764528054436,0.014094287215674406
GAP_FOLLOW,2026-03-06,QCOM,SHORT,133.82,135.655,-0.02356804086099973,-0.013712449559109219
GAP_FADE,2026-03-06,QCOM,LONG,133.82,135.655,-0.02356804086099973,0.013712449559109219
GAP_FOLLOW,2026-03-06,REGN,SHORT,752.23,759.61,-0.016872729173745937,-0.0098108291347061
GAP_FADE,2026-03-06,REGN,LONG,752.23,759.61,-0.016872729173745937,0.0098108291347061
OPENING_MOMENTUM,2026-03-06,RKLB,LONG,70.58,70.09,0.03474563846943268,-0.006942476622272542
OPENING_REVERSAL,2026-03-06,RKLB,SHORT,70.58,70.09,0.03474563846943268,0.006942476622272542
GAP_FOLLOW,2026-03-06,RKLB,SHORT,68.21,70.09,-0.02557142857142869,-0.027561941064360163
GAP_FADE,2026-03-06,RKLB,LONG,68.21,70.09,-0.02557142857142869,0.027561941064360163
VWAP_MOMENTUM,2026-03-06,RKLB,LONG,70.58,70.09,0.00642766669564554,-0.006942476622272542
GAP_FOLLOW,2026-03-06,ROK,SHORT,369.0,369.55,-0.0242741551642075,-0.0014905149051491762
GAP_FADE,2026-03-06,ROK,LONG,369.0,369.55,-0.0242741551642075,0.0014905149051491762
OPENING_MOMENTUM,2026-03-06,SCHW,SHORT,93.03,95.25,-0.00799744081893794,-0.023863269912931306
OPENING_REVERSAL,2026-03-06,SCHW,LONG,93.03,95.25,-0.00799744081893794,0.023863269912931306
GAP_FOLLOW,2026-03-06,SCHW,SHORT,93.78,95.25,-0.016671909405473473,-0.015674984005118242
GAP_FADE,2026-03-06,SCHW,LONG,93.78,95.25,-0.016671909405473473,0.015674984005118242
OPENING_MOMENTUM,2026-03-06,SLB,SHORT,46.79,46.87,-0.013389562467053251,-0.0017097670442400847
OPENING_REVERSAL,2026-03-06,SLB,LONG,46.79,46.87,-0.013389562467053251,0.0017097670442400847
GAP_FOLLOW,2026-03-06,SNPS,SHORT,435.675,437.5,-0.015045328148667214,-0.004188902278074336
GAP_FADE,2026-03-06,SNPS,LONG,435.675,437.5,-0.015045328148667214,0.004188902278074336
OPENING_MOMENTUM,2026-03-06,TGT,SHORT,118.07,120.74,-0.00785681273896055,-0.022613703735072432
OPENING_REVERSAL,2026-03-06,TGT,LONG,118.07,120.74,-0.00785681273896055,0.022613703735072432
GAP_FOLLOW,2026-03-06,TGT,SHORT,119.005,120.74,-0.011011385356935133,-0.01457921936053097
GAP_FADE,2026-03-06,TGT,LONG,119.005,120.74,-0.011011385356935133,0.01457921936053097
OPENING_MOMENTUM,2026-03-06,TMO,SHORT,503.44,502.2,-0.020506634499396936,0.0024630541871921707
OPENING_REVERSAL,2026-03-06,TMO,LONG,503.44,502.2,-0.020506634499396936,-0.0024630541871921707
VWAP_MOMENTUM,2026-03-06,TMO,SHORT,503.44,502.2,-0.01073483648298501,0.0024630541871921707
GAP_FOLLOW,2026-03-06,TSLA,SHORT,398.185,396.63,-0.018257353485046424,0.003905219935457116
GAP_FADE,2026-03-06,TSLA,LONG,398.185,396.63,-0.018257353485046424,-0.003905219935457116
GAP_FOLLOW,2026-03-06,TXN,SHORT,192.48,193.21,-0.02797697202302807,-0.0037926018287615104
GAP_FADE,2026-03-06,TXN,LONG,192.48,193.21,-0.02797697202302807,0.0037926018287615104
GAP_FOLLOW,2026-03-06,UBER,SHORT,74.525,75.12,-0.01193238316208145,-0.007983898020798463
GAP_FADE,2026-03-06,UBER,LONG,74.525,75.12,-0.01193238316208145,0.007983898020798463
OPENING_MOMENTUM,2026-03-06,UNH,SHORT,283.3,286.51,-0.01683151136560812,-0.011330744793505154
OPENING_REVERSAL,2026-03-06,UNH,LONG,283.3,286.51,-0.01683151136560812,0.011330744793505154
VWAP_MOMENTUM,2026-03-06,UNH,SHORT,283.3,286.51,-0.010839072581580678,-0.011330744793505154
OPENING_MOMENTUM,2026-03-06,V,SHORT,313.185,317.4,-0.011223716612994927,-0.013458498970257082
OPENING_REVERSAL,2026-03-06,V,LONG,313.185,317.4,-0.011223716612994927,0.013458498970257082
OPENING_MOMENTUM,2026-03-06,VLO,SHORT,224.62,224.61,-0.01335324606869892,4.451963315821317e-05
OPENING_REVERSAL,2026-03-06,VLO,LONG,224.62,224.61,-0.01335324606869892,-4.451963315821317e-05
VWAP_MOMENTUM,2026-03-06,VLO,SHORT,224.62,224.61,-0.008668062125066656,4.451963315821317e-05
GAP_FOLLOW,2026-03-06,VRT,SHORT,242.28,241.83,-0.02956020187454933,0.001857355126300142
GAP_FADE,2026-03-06,VRT,LONG,242.28,241.83,-0.02956020187454933,-0.001857355126300142
OPENING_MOMENTUM,2026-03-06,VST,LONG,165.88,158.64,0.008695652173912993,-0.043646009163250565
OPENING_REVERSAL,2026-03-06,VST,SHORT,165.88,158.64,0.008695652173912993,0.043646009163250565
GAP_FOLLOW,2026-03-06,VST,SHORT,164.45,158.64,-0.017622461170848314,0.03532988750380062
GAP_FADE,2026-03-06,VST,LONG,164.45,158.64,-0.017622461170848314,-0.03532988750380062
OPENING_MOMENTUM,2026-03-06,VZ,SHORT,50.52,51.1,-0.011350293542074286,-0.011480601741884477
OPENING_REVERSAL,2026-03-06,VZ,LONG,50.52,51.1,-0.011350293542074286,0.011480601741884477
OPENING_MOMENTUM,2026-03-06,XEL,SHORT,81.14,82.53,-0.007704537116301813,-0.017130884890313114
OPENING_REVERSAL,2026-03-06,XEL,LONG,81.14,82.53,-0.007704537116301813,0.017130884890313114
OPENING_MOMENTUM,2026-03-06,XOM,SHORT,150.25,151.195,-0.018935683969964145,-0.006289517470881911
OPENING_REVERSAL,2026-03-06,XOM,LONG,150.25,151.195,-0.018935683969964145,0.006289517470881911
GAP_FOLLOW,2026-03-06,XOM,LONG,153.15,151.195,0.015853011408861972,-0.012765262814234513
GAP_FADE,2026-03-06,XOM,SHORT,153.15,151.195,0.015853011408861972,0.012765262814234513
VWAP_MOMENTUM,2026-03-06,XOM,SHORT,150.25,151.195,-0.010061212443459477,-0.006289517470881911
